customer_id,customer_name,city,signup_date
1,Customer_1,Hyderabad,2024-06-26
2,Customer_2,Chennai,2023-10-26
3,Customer_3,Delhi,2023-05-16
4,Customer_4,Chennai,2023-04-09
5,Customer_5,Mumbai,2024-01-11
6,Customer_6,Hyderabad,2023-05-02
7,Customer_7,Delhi,2024-06-16
8,Customer_8,Delhi,2023-08-07
9,Customer_9,Chennai,2024-08-04
10,Customer_10,Delhi,2024-07-10
11,Customer_11,Bangalore,2024-07-21
12,Customer_12,Delhi,2023-05-11
13,Customer_13,Mumbai,2023-02-11
14,Customer_14,Hyderabad,2023-04-02
15,Customer_15,Hyderabad,2024-02-16
16,Customer_16,Delhi,2024-05-19
17,Customer_17,Hyderabad,2024-06-10
18,Customer_18,Hyderabad,2023-02-19
19,Customer_19,Delhi,2024-05-14
20,Customer_20,Delhi,2023-01-07
21,Customer_21,Hyderabad,2023-02-26
22,Customer_22,Mumbai,2023-10-01
23,Customer_23,Mumbai,2024-03-12
24,Customer_24,Chennai,2024-07-16
25,Customer_25,Bangalore,2023-05-20
26,Customer_26,Mumbai,2023-07-12
27,Customer_27,Mumbai,2024-07-06
28,Customer_28,Chennai,2023-09-13
29,Customer_29,Hyderabad,2023-05-08
30,Customer_30,Mumbai,2023-04-01
31,Customer_31,Bangalore,2023-10-19
32,Customer_32,Chennai,2023-05-07
33,Customer_33,Mumbai,2023-01-12
34,Customer_34,Chennai,2023-12-05
35,Customer_35,Delhi,2024-02-04
36,Customer_36,Mumbai,2023-12-22
37,Customer_37,Mumbai,2023-12-30
38,Customer_38,Delhi,2024-02-21
39,Customer_39,Hyderabad,2024-04-01
40,Customer_40,Chennai,2024-07-10
41,Customer_41,Mumbai,2024-06-25
42,Customer_42,Hyderabad,2024-05-08
43,Customer_43,Hyderabad,2023-01-17
44,Customer_44,Mumbai,2023-06-03
45,Customer_45,Bangalore,2023-02-26
46,Customer_46,Chennai,2023-01-24
47,Customer_47,Bangalore,2024-01-22
48,Customer_48,Bangalore,2024-07-19
49,Customer_49,Delhi,2023-06-25
50,Customer_50,Bangalore,2023-01-12
51,Customer_51,Mumbai,2023-07-16
52,Customer_52,Chennai,2023-06-20
53,Customer_53,Bangalore,2024-07-26
54,Customer_54,Mumbai,2024-08-19
55,Customer_55,Hyderabad,2023-07-02
56,Customer_56,Delhi,2023-05-28
57,Customer_57,Delhi,2024-07-12
58,Customer_58,Chennai,2023-03-29
59,Customer_59,Delhi,2024-07-27
60,Customer_60,Bangalore,2023-04-13
61,Customer_61,Delhi,2024-04-23
62,Customer_62,Bangalore,2023-04-27
63,Customer_63,Chennai,2023-02-10
64,Customer_64,Delhi,2023-05-08
65,Customer_65,Bangalore,2023-03-12
66,Customer_66,Mumbai,2023-08-04
67,Customer_67,Bangalore,2023-01-08
68,Customer_68,Hyderabad,2023-11-14
69,Customer_69,Delhi,2024-06-30
70,Customer_70,Bangalore,2023-08-15
71,Customer_71,Delhi,2023-05-11
72,Customer_72,Mumbai,2024-01-30
73,Customer_73,Chennai,2024-02-05
74,Customer_74,Hyderabad,2023-02-15
75,Customer_75,Hyderabad,2024-07-24
76,Customer_76,Bangalore,2023-12-04
77,Customer_77,Delhi,2024-06-24
78,Customer_78,Bangalore,2023-12-28
79,Customer_79,Delhi,2023-02-28
80,Customer_80,Bangalore,2023-02-28
81,Customer_81,Hyderabad,2024-08-22
82,Customer_82,Chennai,2023-11-30
83,Customer_83,Hyderabad,2023-08-14
84,Customer_84,Chennai,2023-12-22
85,Customer_85,Bangalore,2023-06-26
86,Customer_86,Mumbai,2024-01-17
87,Customer_87,Bangalore,2023-09-07
88,Customer_88,Mumbai,2023-08-04
89,Customer_89,Chennai,2024-03-03
90,Customer_90,Hyderabad,2023-02-02
91,Customer_91,Chennai,2024-03-05
92,Customer_92,Hyderabad,2023-10-12
93,Customer_93,Bangalore,2024-04-23
94,Customer_94,Chennai,2024-05-23
95,Customer_95,Hyderabad,2023-06-02
96,Customer_96,Mumbai,2024-02-29
97,Customer_97,Bangalore,2023-10-23
98,Customer_98,Delhi,2023-03-25
99,Customer_99,Delhi,2023-04-27
100,Customer_100,Mumbai,2024-04-14
101,Customer_101,Delhi,2023-10-22
102,Customer_102,Hyderabad,2023-11-02
103,Customer_103,Delhi,2024-06-21
104,Customer_104,Bangalore,2024-06-19
105,Customer_105,Hyderabad,2023-11-18
106,Customer_106,Hyderabad,2023-05-22
107,Customer_107,Delhi,2023-12-21
108,Customer_108,Bangalore,2023-01-07
109,Customer_109,Mumbai,2024-03-17
110,Customer_110,Delhi,2023-07-22
111,Customer_111,Mumbai,2023-07-02
112,Customer_112,Mumbai,2023-07-12
113,Customer_113,Delhi,2023-03-30
114,Customer_114,Mumbai,2023-05-20
115,Customer_115,Delhi,2023-02-12
116,Customer_116,Chennai,2023-03-25
117,Customer_117,Bangalore,2024-07-19
118,Customer_118,Chennai,2024-04-16
119,Customer_119,Hyderabad,2023-05-14
120,Customer_120,Hyderabad,2023-04-09
121,Customer_121,Mumbai,2023-08-23
122,Customer_122,Hyderabad,2024-05-18
123,Customer_123,Hyderabad,2024-05-25
124,Customer_124,Chennai,2023-03-14
125,Customer_125,Mumbai,2024-08-12
126,Customer_126,Chennai,2024-04-12
127,Customer_127,Bangalore,2023-01-28
128,Customer_128,Chennai,2023-07-14
129,Customer_129,Chennai,2024-08-18
130,Customer_130,Bangalore,2023-01-23
131,Customer_131,Bangalore,2023-10-28
132,Customer_132,Chennai,2023-01-24
133,Customer_133,Chennai,2023-08-31
134,Customer_134,Bangalore,2023-09-15
135,Customer_135,Delhi,2023-07-25
136,Customer_136,Hyderabad,2024-05-08
137,Customer_137,Chennai,2023-04-27
138,Customer_138,Delhi,2023-10-12
139,Customer_139,Delhi,2024-05-10
140,Customer_140,Chennai,2024-06-22
141,Customer_141,Bangalore,2024-06-27
142,Customer_142,Delhi,2024-03-31
143,Customer_143,Mumbai,2024-02-19
144,Customer_144,Delhi,2024-07-19
145,Customer_145,Chennai,2023-04-03
146,Customer_146,Mumbai,2024-07-28
147,Customer_147,Bangalore,2024-06-19
148,Customer_148,Delhi,2024-02-19
149,Customer_149,Hyderabad,2024-01-27
150,Customer_150,Mumbai,2024-04-22
151,Customer_151,Mumbai,2023-04-02
152,Customer_152,Mumbai,2023-03-30
153,Customer_153,Hyderabad,2023-11-06
154,Customer_154,Delhi,2023-01-17
155,Customer_155,Hyderabad,2024-02-05
156,Customer_156,Hyderabad,2024-06-12
157,Customer_157,Bangalore,2023-10-10
158,Customer_158,Delhi,2024-02-25
159,Customer_159,Hyderabad,2023-04-28
160,Customer_160,Delhi,2023-11-19
161,Customer_161,Hyderabad,2023-03-11
162,Customer_162,Mumbai,2024-07-24
163,Customer_163,Hyderabad,2023-10-30
164,Customer_164,Delhi,2023-03-08
165,Customer_165,Delhi,2023-07-21
166,Customer_166,Hyderabad,2023-07-20
167,Customer_167,Hyderabad,2023-06-12
168,Customer_168,Bangalore,2023-09-09
169,Customer_169,Chennai,2024-03-29
170,Customer_170,Delhi,2023-07-24
171,Customer_171,Hyderabad,2024-01-08
172,Customer_172,Hyderabad,2024-05-26
173,Customer_173,Hyderabad,2024-04-08
174,Customer_174,Delhi,2023-03-12
175,Customer_175,Delhi,2024-04-18
176,Customer_176,Hyderabad,2023-06-12
177,Customer_177,Chennai,2023-11-04
178,Customer_178,Hyderabad,2023-06-05
179,Customer_179,Delhi,2023-09-14
180,Customer_180,Chennai,2023-02-20
181,Customer_181,Bangalore,2023-04-05
182,Customer_182,Delhi,2023-05-05
183,Customer_183,Delhi,2024-03-21
184,Customer_184,Delhi,2023-09-19
185,Customer_185,Hyderabad,2024-03-19
186,Customer_186,Hyderabad,2024-07-22
187,Customer_187,Delhi,2024-04-18
188,Customer_188,Delhi,2024-06-25
189,Customer_189,Chennai,2024-03-26
190,Customer_190,Mumbai,2023-09-02
191,Customer_191,Bangalore,2023-01-20
192,Customer_192,Mumbai,2023-02-20
193,Customer_193,Mumbai,2023-07-18
194,Customer_194,Hyderabad,2024-04-27
195,Customer_195,Bangalore,2023-09-11
196,Customer_196,Delhi,2023-12-23
197,Customer_197,Mumbai,2024-07-14
198,Customer_198,Delhi,2024-01-12
199,Customer_199,Chennai,2024-07-20
200,Customer_200,Delhi,2023-03-20
201,Customer_201,Bangalore,2024-07-10
202,Customer_202,Chennai,2023-01-25
203,Customer_203,Mumbai,2023-02-06
204,Customer_204,Hyderabad,2024-01-01
205,Customer_205,Bangalore,2023-06-03
206,Customer_206,Bangalore,2024-04-16
207,Customer_207,Chennai,2024-02-11
208,Customer_208,Delhi,2024-08-01
209,Customer_209,Mumbai,2024-05-25
210,Customer_210,Delhi,2023-01-28
211,Customer_211,Mumbai,2024-06-11
212,Customer_212,Mumbai,2023-06-21
213,Customer_213,Chennai,2024-02-03
214,Customer_214,Delhi,2024-02-07
215,Customer_215,Chennai,2023-12-12
216,Customer_216,Mumbai,2023-01-17
217,Customer_217,Hyderabad,2023-07-02
218,Customer_218,Delhi,2023-10-11
219,Customer_219,Delhi,2024-06-08
220,Customer_220,Bangalore,2023-10-09
221,Customer_221,Mumbai,2024-06-20
222,Customer_222,Delhi,2023-08-06
223,Customer_223,Mumbai,2023-04-13
224,Customer_224,Delhi,2024-04-23
225,Customer_225,Hyderabad,2024-01-23
226,Customer_226,Delhi,2024-02-13
227,Customer_227,Chennai,2023-11-22
228,Customer_228,Mumbai,2023-10-05
229,Customer_229,Mumbai,2023-06-13
230,Customer_230,Mumbai,2023-08-03
231,Customer_231,Bangalore,2024-04-30
232,Customer_232,Bangalore,2023-10-03
233,Customer_233,Chennai,2024-05-26
234,Customer_234,Chennai,2023-12-12
235,Customer_235,Hyderabad,2023-06-19
236,Customer_236,Delhi,2023-06-22
237,Customer_237,Hyderabad,2024-06-04
238,Customer_238,Bangalore,2023-08-18
239,Customer_239,Delhi,2024-06-17
240,Customer_240,Delhi,2023-09-13
241,Customer_241,Mumbai,2023-12-30
242,Customer_242,Bangalore,2023-11-27
243,Customer_243,Hyderabad,2023-10-20
244,Customer_244,Bangalore,2023-07-03
245,Customer_245,Delhi,2023-04-14
246,Customer_246,Bangalore,2023-01-28
247,Customer_247,Mumbai,2023-12-12
248,Customer_248,Bangalore,2024-08-09
249,Customer_249,Mumbai,2024-03-19
250,Customer_250,Chennai,2023-02-03
251,Customer_251,Bangalore,2023-06-01
252,Customer_252,Hyderabad,2023-05-30
253,Customer_253,Delhi,2024-06-01
254,Customer_254,Hyderabad,2024-06-04
255,Customer_255,Chennai,2023-01-16
256,Customer_256,Hyderabad,2023-04-13
257,Customer_257,Hyderabad,2023-05-08
258,Customer_258,Delhi,2023-07-26
259,Customer_259,Hyderabad,2024-01-19
260,Customer_260,Hyderabad,2023-04-04
261,Customer_261,Hyderabad,2023-07-11
262,Customer_262,Chennai,2024-05-11
263,Customer_263,Mumbai,2024-08-22
264,Customer_264,Hyderabad,2023-10-24
265,Customer_265,Mumbai,2023-11-14
266,Customer_266,Chennai,2023-06-17
267,Customer_267,Delhi,2024-03-20
268,Customer_268,Bangalore,2024-06-28
269,Customer_269,Mumbai,2023-03-05
270,Customer_270,Mumbai,2024-01-13
271,Customer_271,Bangalore,2024-08-04
272,Customer_272,Chennai,2024-02-09
273,Customer_273,Bangalore,2023-03-13
274,Customer_274,Mumbai,2024-05-15
275,Customer_275,Bangalore,2023-01-30
276,Customer_276,Delhi,2023-08-28
277,Customer_277,Chennai,2023-09-08
278,Customer_278,Hyderabad,2023-01-30
279,Customer_279,Bangalore,2023-04-17
280,Customer_280,Chennai,2023-07-06
281,Customer_281,Hyderabad,2023-08-24
282,Customer_282,Bangalore,2024-01-16
283,Customer_283,Hyderabad,2024-02-29
284,Customer_284,Mumbai,2023-02-11
285,Customer_285,Delhi,2023-10-13
286,Customer_286,Hyderabad,2023-08-01
287,Customer_287,Hyderabad,2024-03-10
288,Customer_288,Bangalore,2023-08-27
289,Customer_289,Bangalore,2023-01-27
290,Customer_290,Chennai,2024-04-30
291,Customer_291,Mumbai,2024-07-08
292,Customer_292,Hyderabad,2023-12-04
293,Customer_293,Delhi,2023-06-27
294,Customer_294,Mumbai,2023-04-29
295,Customer_295,Mumbai,2023-09-12
296,Customer_296,Bangalore,2024-06-20
297,Customer_297,Chennai,2023-07-12
298,Customer_298,Bangalore,2024-04-28
299,Customer_299,Mumbai,2024-04-07
300,Customer_300,Bangalore,2023-02-20
301,Customer_301,Mumbai,2023-03-17
302,Customer_302,Bangalore,2023-12-12
303,Customer_303,Bangalore,2024-02-26
304,Customer_304,Delhi,2023-11-09
305,Customer_305,Bangalore,2023-08-12
306,Customer_306,Bangalore,2024-03-09
307,Customer_307,Bangalore,2023-08-03
308,Customer_308,Delhi,2023-03-21
309,Customer_309,Chennai,2023-07-04
310,Customer_310,Delhi,2023-05-31
311,Customer_311,Mumbai,2023-04-23
312,Customer_312,Delhi,2024-06-24
313,Customer_313,Bangalore,2024-03-22
314,Customer_314,Mumbai,2024-02-14
315,Customer_315,Bangalore,2024-04-13
316,Customer_316,Delhi,2023-03-09
317,Customer_317,Chennai,2023-01-12
318,Customer_318,Hyderabad,2023-11-07
319,Customer_319,Chennai,2024-06-22
320,Customer_320,Chennai,2024-02-04
321,Customer_321,Bangalore,2024-03-10
322,Customer_322,Mumbai,2024-01-14
323,Customer_323,Mumbai,2023-05-26
324,Customer_324,Hyderabad,2023-11-03
325,Customer_325,Chennai,2023-02-02
326,Customer_326,Hyderabad,2024-06-29
327,Customer_327,Bangalore,2023-04-05
328,Customer_328,Hyderabad,2023-06-29
329,Customer_329,Chennai,2023-08-28
330,Customer_330,Chennai,2024-07-10
331,Customer_331,Mumbai,2023-01-07
332,Customer_332,Delhi,2023-08-01
333,Customer_333,Hyderabad,2024-04-13
334,Customer_334,Chennai,2024-08-18
335,Customer_335,Bangalore,2024-04-02
336,Customer_336,Chennai,2024-05-04
337,Customer_337,Chennai,2023-03-01
338,Customer_338,Chennai,2024-01-22
339,Customer_339,Delhi,2023-03-05
340,Customer_340,Mumbai,2023-11-30
341,Customer_341,Mumbai,2023-10-12
342,Customer_342,Delhi,2023-09-30
343,Customer_343,Delhi,2023-11-19
344,Customer_344,Delhi,2023-12-01
345,Customer_345,Mumbai,2023-02-27
346,Customer_346,Mumbai,2023-04-08
347,Customer_347,Mumbai,2023-07-07
348,Customer_348,Delhi,2024-06-10
349,Customer_349,Mumbai,2023-12-13
350,Customer_350,Mumbai,2023-03-11
351,Customer_351,Delhi,2023-07-20
352,Customer_352,Delhi,2024-03-13
353,Customer_353,Mumbai,2023-03-02
354,Customer_354,Delhi,2023-01-08
355,Customer_355,Bangalore,2024-04-29
356,Customer_356,Delhi,2023-10-13
357,Customer_357,Mumbai,2023-03-12
358,Customer_358,Chennai,2024-08-10
359,Customer_359,Hyderabad,2023-06-26
360,Customer_360,Bangalore,2023-02-05
361,Customer_361,Chennai,2023-01-16
362,Customer_362,Hyderabad,2024-01-23
363,Customer_363,Hyderabad,2024-08-18
364,Customer_364,Chennai,2023-04-21
365,Customer_365,Hyderabad,2023-03-19
366,Customer_366,Delhi,2024-03-02
367,Customer_367,Delhi,2024-06-25
368,Customer_368,Chennai,2024-02-13
369,Customer_369,Hyderabad,2023-09-18
370,Customer_370,Delhi,2024-08-13
371,Customer_371,Mumbai,2024-06-07
372,Customer_372,Mumbai,2024-04-28
373,Customer_373,Bangalore,2023-11-14
374,Customer_374,Bangalore,2023-05-01
375,Customer_375,Delhi,2023-11-25
376,Customer_376,Hyderabad,2024-04-24
377,Customer_377,Delhi,2023-03-27
378,Customer_378,Mumbai,2023-06-22
379,Customer_379,Mumbai,2024-01-27
380,Customer_380,Bangalore,2023-09-22
381,Customer_381,Bangalore,2023-03-11
382,Customer_382,Hyderabad,2023-11-06
383,Customer_383,Chennai,2024-04-12
384,Customer_384,Delhi,2024-06-12
385,Customer_385,Bangalore,2024-05-18
386,Customer_386,Hyderabad,2024-04-30
387,Customer_387,Chennai,2023-12-23
388,Customer_388,Bangalore,2024-07-25
389,Customer_389,Bangalore,2023-03-26
390,Customer_390,Chennai,2023-05-13
391,Customer_391,Delhi,2024-06-03
392,Customer_392,Mumbai,2023-05-18
393,Customer_393,Chennai,2023-05-23
394,Customer_394,Chennai,2024-07-14
395,Customer_395,Chennai,2024-02-07
396,Customer_396,Delhi,2023-05-25
397,Customer_397,Chennai,2023-11-20
398,Customer_398,Delhi,2023-04-13
399,Customer_399,Hyderabad,2024-02-27
400,Customer_400,Delhi,2023-11-23
401,Customer_401,Chennai,2023-11-16
402,Customer_402,Hyderabad,2024-01-29
403,Customer_403,Mumbai,2023-11-11
404,Customer_404,Hyderabad,2023-05-08
405,Customer_405,Delhi,2024-06-11
406,Customer_406,Hyderabad,2023-10-04
407,Customer_407,Chennai,2023-09-10
408,Customer_408,Bangalore,2023-01-03
409,Customer_409,Mumbai,2023-10-13
410,Customer_410,Delhi,2023-11-23
411,Customer_411,Delhi,2023-01-09
412,Customer_412,Hyderabad,2024-03-08
413,Customer_413,Chennai,2024-07-02
414,Customer_414,Chennai,2024-01-10
415,Customer_415,Chennai,2024-01-03
416,Customer_416,Mumbai,2024-04-01
417,Customer_417,Hyderabad,2024-05-01
418,Customer_418,Delhi,2023-09-10
419,Customer_419,Chennai,2024-07-08
420,Customer_420,Bangalore,2023-02-11
421,Customer_421,Mumbai,2024-04-23
422,Customer_422,Delhi,2024-01-06
423,Customer_423,Mumbai,2023-01-02
424,Customer_424,Chennai,2024-01-09
425,Customer_425,Bangalore,2023-03-13
426,Customer_426,Hyderabad,2023-10-04
427,Customer_427,Chennai,2023-01-20
428,Customer_428,Bangalore,2023-10-12
429,Customer_429,Hyderabad,2023-08-04
430,Customer_430,Hyderabad,2024-04-18
431,Customer_431,Bangalore,2024-07-24
432,Customer_432,Bangalore,2024-03-05
433,Customer_433,Delhi,2023-12-07
434,Customer_434,Delhi,2024-07-07
435,Customer_435,Chennai,2023-04-15
436,Customer_436,Mumbai,2023-03-17
437,Customer_437,Bangalore,2023-11-27
438,Customer_438,Mumbai,2024-04-12
439,Customer_439,Hyderabad,2024-03-31
440,Customer_440,Bangalore,2024-04-04
441,Customer_441,Mumbai,2024-06-10
442,Customer_442,Bangalore,2023-04-14
443,Customer_443,Bangalore,2024-03-21
444,Customer_444,Chennai,2023-12-08
445,Customer_445,Hyderabad,2023-02-11
446,Customer_446,Hyderabad,2023-09-22
447,Customer_447,Bangalore,2023-10-23
448,Customer_448,Chennai,2023-03-21
449,Customer_449,Delhi,2023-12-02
450,Customer_450,Chennai,2023-12-21
451,Customer_451,Hyderabad,2024-06-13
452,Customer_452,Chennai,2023-02-03
453,Customer_453,Chennai,2023-03-22
454,Customer_454,Delhi,2023-11-13
455,Customer_455,Chennai,2024-02-09
456,Customer_456,Delhi,2024-01-08
457,Customer_457,Mumbai,2024-05-28
458,Customer_458,Chennai,2023-04-07
459,Customer_459,Chennai,2024-07-24
460,Customer_460,Mumbai,2023-08-03
461,Customer_461,Chennai,2023-05-12
462,Customer_462,Mumbai,2023-08-30
463,Customer_463,Hyderabad,2023-06-23
464,Customer_464,Mumbai,2023-10-18
465,Customer_465,Chennai,2024-08-11
466,Customer_466,Chennai,2024-05-02
467,Customer_467,Mumbai,2023-08-07
468,Customer_468,Delhi,2023-09-12
469,Customer_469,Mumbai,2023-03-23
470,Customer_470,Bangalore,2023-10-14
471,Customer_471,Chennai,2023-05-20
472,Customer_472,Bangalore,2024-07-22
473,Customer_473,Bangalore,2023-05-03
474,Customer_474,Hyderabad,2023-10-25
475,Customer_475,Delhi,2024-01-09
476,Customer_476,Hyderabad,2023-10-30
477,Customer_477,Delhi,2024-06-21
478,Customer_478,Mumbai,2024-04-26
479,Customer_479,Hyderabad,2023-01-27
480,Customer_480,Bangalore,2023-04-13
481,Customer_481,Delhi,2023-02-22
482,Customer_482,Delhi,2023-02-22
483,Customer_483,Bangalore,2024-06-23
484,Customer_484,Bangalore,2023-09-07
485,Customer_485,Delhi,2023-04-28
486,Customer_486,Mumbai,2024-08-14
487,Customer_487,Chennai,2024-05-04
488,Customer_488,Mumbai,2024-02-24
489,Customer_489,Bangalore,2023-07-10
490,Customer_490,Delhi,2024-01-11
491,Customer_491,Delhi,2023-02-06
492,Customer_492,Delhi,2024-01-31
493,Customer_493,Chennai,2023-12-04
494,Customer_494,Mumbai,2023-02-04
495,Customer_495,Delhi,2023-03-31
496,Customer_496,Mumbai,2024-03-08
497,Customer_497,Chennai,2023-10-27
498,Customer_498,Mumbai,2023-05-03
499,Customer_499,Chennai,2024-05-20
500,Customer_500,Hyderabad,2023-11-11
501,Customer_501,Hyderabad,2023-08-05
502,Customer_502,Chennai,2023-11-27
503,Customer_503,Hyderabad,2024-03-29
504,Customer_504,Delhi,2023-09-25
505,Customer_505,Chennai,2023-02-16
506,Customer_506,Mumbai,2023-05-08
507,Customer_507,Hyderabad,2024-08-14
508,Customer_508,Mumbai,2023-10-18
509,Customer_509,Chennai,2024-01-06
510,Customer_510,Bangalore,2024-06-24
511,Customer_511,Chennai,2023-11-01
512,Customer_512,Mumbai,2024-07-22
513,Customer_513,Chennai,2023-01-08
514,Customer_514,Delhi,2024-01-06
515,Customer_515,Delhi,2024-01-11
516,Customer_516,Chennai,2023-07-20
517,Customer_517,Chennai,2023-10-21
518,Customer_518,Delhi,2024-08-14
519,Customer_519,Delhi,2023-07-09
520,Customer_520,Chennai,2023-08-25
521,Customer_521,Hyderabad,2023-08-28
522,Customer_522,Chennai,2024-02-06
523,Customer_523,Mumbai,2023-04-06
524,Customer_524,Mumbai,2024-08-10
525,Customer_525,Chennai,2024-07-30
526,Customer_526,Chennai,2024-04-29
527,Customer_527,Mumbai,2023-01-25
528,Customer_528,Mumbai,2023-10-18
529,Customer_529,Mumbai,2024-03-28
530,Customer_530,Hyderabad,2024-06-19
531,Customer_531,Delhi,2023-06-23
532,Customer_532,Mumbai,2023-03-23
533,Customer_533,Delhi,2024-02-09
534,Customer_534,Delhi,2023-02-10
535,Customer_535,Hyderabad,2023-02-20
536,Customer_536,Hyderabad,2023-07-30
537,Customer_537,Delhi,2023-09-26
538,Customer_538,Bangalore,2023-11-01
539,Customer_539,Mumbai,2024-07-20
540,Customer_540,Delhi,2024-03-24
541,Customer_541,Mumbai,2023-02-17
542,Customer_542,Delhi,2024-02-23
543,Customer_543,Bangalore,2024-01-18
544,Customer_544,Hyderabad,2024-01-19
545,Customer_545,Hyderabad,2023-12-12
546,Customer_546,Mumbai,2023-07-28
547,Customer_547,Mumbai,2023-09-12
548,Customer_548,Hyderabad,2023-01-27
549,Customer_549,Bangalore,2024-03-22
550,Customer_550,Mumbai,2024-05-26
551,Customer_551,Mumbai,2024-01-02
552,Customer_552,Delhi,2024-05-30
553,Customer_553,Hyderabad,2024-08-23
554,Customer_554,Hyderabad,2023-03-05
555,Customer_555,Bangalore,2024-08-06
556,Customer_556,Bangalore,2024-03-07
557,Customer_557,Bangalore,2023-09-28
558,Customer_558,Chennai,2023-10-23
559,Customer_559,Mumbai,2023-12-23
560,Customer_560,Hyderabad,2023-01-08
561,Customer_561,Mumbai,2023-01-04
562,Customer_562,Hyderabad,2023-11-09
563,Customer_563,Mumbai,2023-08-25
564,Customer_564,Delhi,2023-10-23
565,Customer_565,Bangalore,2023-05-24
566,Customer_566,Chennai,2024-05-11
567,Customer_567,Hyderabad,2023-02-08
568,Customer_568,Mumbai,2023-09-08
569,Customer_569,Chennai,2024-07-27
570,Customer_570,Chennai,2023-09-14
571,Customer_571,Hyderabad,2023-06-30
572,Customer_572,Chennai,2024-01-25
573,Customer_573,Hyderabad,2023-11-16
574,Customer_574,Bangalore,2024-07-08
575,Customer_575,Bangalore,2023-12-14
576,Customer_576,Bangalore,2023-08-16
577,Customer_577,Mumbai,2023-03-25
578,Customer_578,Hyderabad,2023-06-12
579,Customer_579,Delhi,2023-12-28
580,Customer_580,Mumbai,2023-11-26
581,Customer_581,Delhi,2024-01-18
582,Customer_582,Chennai,2023-05-01
583,Customer_583,Hyderabad,2023-04-16
584,Customer_584,Hyderabad,2023-08-28
585,Customer_585,Bangalore,2024-01-22
586,Customer_586,Mumbai,2023-09-29
587,Customer_587,Mumbai,2023-04-14
588,Customer_588,Mumbai,2023-02-04
589,Customer_589,Chennai,2023-05-15
590,Customer_590,Hyderabad,2024-07-04
591,Customer_591,Mumbai,2023-03-06
592,Customer_592,Mumbai,2023-09-13
593,Customer_593,Bangalore,2023-03-15
594,Customer_594,Mumbai,2023-05-28
595,Customer_595,Mumbai,2024-03-06
596,Customer_596,Mumbai,2023-05-15
597,Customer_597,Mumbai,2023-06-06
598,Customer_598,Hyderabad,2023-07-04
599,Customer_599,Bangalore,2024-08-07
600,Customer_600,Mumbai,2023-12-17
601,Customer_601,Chennai,2023-03-07
602,Customer_602,Chennai,2024-05-20
603,Customer_603,Hyderabad,2023-06-13
604,Customer_604,Bangalore,2024-05-13
605,Customer_605,Chennai,2023-05-17
606,Customer_606,Bangalore,2024-05-09
607,Customer_607,Delhi,2024-05-08
608,Customer_608,Hyderabad,2023-08-02
609,Customer_609,Mumbai,2023-02-13
610,Customer_610,Bangalore,2023-08-01
611,Customer_611,Chennai,2023-10-18
612,Customer_612,Bangalore,2024-08-03
613,Customer_613,Mumbai,2024-05-03
614,Customer_614,Hyderabad,2023-07-01
615,Customer_615,Chennai,2024-04-07
616,Customer_616,Bangalore,2023-06-25
617,Customer_617,Delhi,2023-12-08
618,Customer_618,Bangalore,2024-04-13
619,Customer_619,Delhi,2023-11-25
620,Customer_620,Delhi,2023-11-19
621,Customer_621,Mumbai,2023-12-31
622,Customer_622,Chennai,2023-08-31
623,Customer_623,Chennai,2024-05-20
624,Customer_624,Delhi,2024-04-22
625,Customer_625,Hyderabad,2024-08-11
626,Customer_626,Chennai,2023-06-09
627,Customer_627,Hyderabad,2024-08-09
628,Customer_628,Chennai,2024-01-12
629,Customer_629,Chennai,2023-02-13
630,Customer_630,Hyderabad,2024-07-06
631,Customer_631,Delhi,2023-04-17
632,Customer_632,Hyderabad,2024-01-19
633,Customer_633,Bangalore,2024-06-23
634,Customer_634,Bangalore,2023-11-25
635,Customer_635,Delhi,2023-06-24
636,Customer_636,Mumbai,2023-07-19
637,Customer_637,Bangalore,2023-09-10
638,Customer_638,Delhi,2023-03-17
639,Customer_639,Chennai,2023-04-20
640,Customer_640,Chennai,2023-05-25
641,Customer_641,Bangalore,2023-03-26
642,Customer_642,Mumbai,2023-10-13
643,Customer_643,Bangalore,2024-04-17
644,Customer_644,Bangalore,2023-01-18
645,Customer_645,Delhi,2023-09-12
646,Customer_646,Mumbai,2023-04-05
647,Customer_647,Hyderabad,2023-01-19
648,Customer_648,Mumbai,2023-03-04
649,Customer_649,Chennai,2023-05-03
650,Customer_650,Chennai,2024-04-21
651,Customer_651,Delhi,2024-06-19
652,Customer_652,Hyderabad,2024-05-12
653,Customer_653,Hyderabad,2024-08-14
654,Customer_654,Mumbai,2023-11-21
655,Customer_655,Bangalore,2023-04-30
656,Customer_656,Mumbai,2024-04-11
657,Customer_657,Chennai,2023-03-03
658,Customer_658,Delhi,2023-10-08
659,Customer_659,Chennai,2023-06-26
660,Customer_660,Chennai,2023-01-21
661,Customer_661,Bangalore,2024-04-24
662,Customer_662,Bangalore,2024-03-04
663,Customer_663,Hyderabad,2023-05-24
664,Customer_664,Chennai,2023-03-04
665,Customer_665,Hyderabad,2023-02-11
666,Customer_666,Delhi,2023-10-26
667,Customer_667,Mumbai,2023-02-04
668,Customer_668,Mumbai,2023-03-11
669,Customer_669,Hyderabad,2024-07-12
670,Customer_670,Bangalore,2023-05-26
671,Customer_671,Bangalore,2023-04-22
672,Customer_672,Bangalore,2024-07-14
673,Customer_673,Delhi,2023-05-21
674,Customer_674,Mumbai,2024-05-01
675,Customer_675,Bangalore,2023-07-25
676,Customer_676,Delhi,2023-09-02
677,Customer_677,Bangalore,2024-06-13
678,Customer_678,Bangalore,2024-08-06
679,Customer_679,Mumbai,2023-03-14
680,Customer_680,Hyderabad,2024-08-16
681,Customer_681,Delhi,2024-05-08
682,Customer_682,Delhi,2024-04-18
683,Customer_683,Delhi,2024-04-16
684,Customer_684,Hyderabad,2023-06-25
685,Customer_685,Chennai,2024-08-08
686,Customer_686,Bangalore,2024-02-27
687,Customer_687,Bangalore,2024-04-15
688,Customer_688,Mumbai,2023-12-28
689,Customer_689,Hyderabad,2023-01-31
690,Customer_690,Chennai,2023-08-25
691,Customer_691,Chennai,2023-11-05
692,Customer_692,Mumbai,2023-02-05
693,Customer_693,Chennai,2023-03-19
694,Customer_694,Delhi,2023-04-02
695,Customer_695,Delhi,2023-10-31
696,Customer_696,Mumbai,2023-11-01
697,Customer_697,Hyderabad,2023-01-11
698,Customer_698,Mumbai,2024-03-04
699,Customer_699,Delhi,2023-11-13
700,Customer_700,Hyderabad,2023-09-09
701,Customer_701,Delhi,2023-02-07
702,Customer_702,Chennai,2023-11-21
703,Customer_703,Bangalore,2023-02-12
704,Customer_704,Hyderabad,2023-04-21
705,Customer_705,Mumbai,2024-03-04
706,Customer_706,Delhi,2023-02-10
707,Customer_707,Hyderabad,2023-07-01
708,Customer_708,Bangalore,2024-05-05
709,Customer_709,Bangalore,2023-07-29
710,Customer_710,Chennai,2023-03-10
711,Customer_711,Chennai,2023-10-15
712,Customer_712,Delhi,2023-08-27
713,Customer_713,Delhi,2023-05-15
714,Customer_714,Delhi,2023-03-07
715,Customer_715,Delhi,2023-07-25
716,Customer_716,Delhi,2024-06-17
717,Customer_717,Hyderabad,2023-12-17
718,Customer_718,Hyderabad,2024-07-10
719,Customer_719,Bangalore,2023-10-13
720,Customer_720,Hyderabad,2023-09-30
721,Customer_721,Delhi,2024-04-14
722,Customer_722,Chennai,2023-10-07
723,Customer_723,Delhi,2024-06-16
724,Customer_724,Delhi,2024-07-04
725,Customer_725,Mumbai,2023-02-01
726,Customer_726,Chennai,2023-09-14
727,Customer_727,Bangalore,2023-03-23
728,Customer_728,Delhi,2023-05-02
729,Customer_729,Hyderabad,2023-07-04
730,Customer_730,Chennai,2024-03-29
731,Customer_731,Bangalore,2024-02-27
732,Customer_732,Chennai,2024-07-14
733,Customer_733,Hyderabad,2023-01-30
734,Customer_734,Bangalore,2023-07-31
735,Customer_735,Chennai,2023-05-04
736,Customer_736,Mumbai,2023-10-27
737,Customer_737,Chennai,2024-08-10
738,Customer_738,Delhi,2023-04-12
739,Customer_739,Delhi,2024-07-26
740,Customer_740,Mumbai,2023-10-13
741,Customer_741,Mumbai,2023-10-04
742,Customer_742,Bangalore,2023-04-02
743,Customer_743,Delhi,2024-04-09
744,Customer_744,Hyderabad,2023-01-09
745,Customer_745,Hyderabad,2023-07-28
746,Customer_746,Bangalore,2024-03-03
747,Customer_747,Hyderabad,2024-08-18
748,Customer_748,Hyderabad,2023-05-24
749,Customer_749,Bangalore,2024-02-11
750,Customer_750,Delhi,2023-02-26
751,Customer_751,Delhi,2023-09-15
752,Customer_752,Bangalore,2023-10-06
753,Customer_753,Chennai,2024-08-04
754,Customer_754,Mumbai,2024-04-02
755,Customer_755,Mumbai,2023-03-20
756,Customer_756,Hyderabad,2023-05-07
757,Customer_757,Mumbai,2024-06-23
758,Customer_758,Bangalore,2023-05-06
759,Customer_759,Bangalore,2024-03-07
760,Customer_760,Chennai,2024-03-11
761,Customer_761,Bangalore,2024-08-13
762,Customer_762,Hyderabad,2023-06-16
763,Customer_763,Mumbai,2024-04-23
764,Customer_764,Delhi,2024-03-27
765,Customer_765,Chennai,2023-07-06
766,Customer_766,Delhi,2023-08-18
767,Customer_767,Mumbai,2024-02-25
768,Customer_768,Delhi,2024-06-30
769,Customer_769,Mumbai,2024-06-12
770,Customer_770,Bangalore,2023-01-11
771,Customer_771,Bangalore,2023-10-13
772,Customer_772,Chennai,2023-12-27
773,Customer_773,Mumbai,2023-06-25
774,Customer_774,Bangalore,2024-02-05
775,Customer_775,Delhi,2023-08-28
776,Customer_776,Bangalore,2024-06-03
777,Customer_777,Hyderabad,2023-01-15
778,Customer_778,Delhi,2023-07-04
779,Customer_779,Mumbai,2023-12-24
780,Customer_780,Hyderabad,2023-08-31
781,Customer_781,Chennai,2023-09-19
782,Customer_782,Bangalore,2023-02-12
783,Customer_783,Hyderabad,2024-06-20
784,Customer_784,Bangalore,2024-02-05
785,Customer_785,Chennai,2023-05-08
786,Customer_786,Bangalore,2023-06-19
787,Customer_787,Hyderabad,2024-08-23
788,Customer_788,Delhi,2023-09-15
789,Customer_789,Hyderabad,2023-09-26
790,Customer_790,Delhi,2024-03-26
791,Customer_791,Chennai,2023-08-31
792,Customer_792,Delhi,2023-02-14
793,Customer_793,Mumbai,2023-08-07
794,Customer_794,Bangalore,2023-03-31
795,Customer_795,Delhi,2023-08-05
796,Customer_796,Bangalore,2023-07-24
797,Customer_797,Hyderabad,2024-08-22
798,Customer_798,Bangalore,2023-03-26
799,Customer_799,Bangalore,2023-05-23
800,Customer_800,Chennai,2024-03-03
801,Customer_801,Mumbai,2023-06-01
802,Customer_802,Delhi,2023-01-06
803,Customer_803,Hyderabad,2023-03-08
804,Customer_804,Mumbai,2023-07-08
805,Customer_805,Chennai,2024-05-16
806,Customer_806,Chennai,2024-05-16
807,Customer_807,Bangalore,2024-04-18
808,Customer_808,Bangalore,2024-02-29
809,Customer_809,Hyderabad,2023-06-13
810,Customer_810,Bangalore,2024-01-19
811,Customer_811,Mumbai,2023-01-10
812,Customer_812,Delhi,2024-02-21
813,Customer_813,Chennai,2023-10-18
814,Customer_814,Delhi,2023-05-02
815,Customer_815,Bangalore,2023-08-30
816,Customer_816,Delhi,2023-01-07
817,Customer_817,Chennai,2023-08-11
818,Customer_818,Hyderabad,2023-04-22
819,Customer_819,Chennai,2023-09-17
820,Customer_820,Bangalore,2023-11-17
821,Customer_821,Hyderabad,2023-01-05
822,Customer_822,Bangalore,2023-06-16
823,Customer_823,Bangalore,2023-04-14
824,Customer_824,Hyderabad,2023-10-02
825,Customer_825,Bangalore,2024-06-24
826,Customer_826,Hyderabad,2023-12-04
827,Customer_827,Hyderabad,2024-06-27
828,Customer_828,Delhi,2024-02-11
829,Customer_829,Mumbai,2023-08-06
830,Customer_830,Bangalore,2023-08-27
831,Customer_831,Delhi,2023-01-24
832,Customer_832,Chennai,2023-02-17
833,Customer_833,Delhi,2023-03-07
834,Customer_834,Bangalore,2024-05-25
835,Customer_835,Chennai,2023-06-24
836,Customer_836,Bangalore,2024-02-22
837,Customer_837,Bangalore,2023-07-30
838,Customer_838,Chennai,2023-11-30
839,Customer_839,Hyderabad,2023-04-18
840,Customer_840,Mumbai,2023-04-14
841,Customer_841,Mumbai,2023-07-04
842,Customer_842,Mumbai,2024-06-03
843,Customer_843,Delhi,2024-08-02
844,Customer_844,Chennai,2023-03-17
845,Customer_845,Bangalore,2023-03-10
846,Customer_846,Bangalore,2024-01-05
847,Customer_847,Hyderabad,2024-03-28
848,Customer_848,Mumbai,2024-01-30
849,Customer_849,Delhi,2023-09-22
850,Customer_850,Delhi,2023-02-26
851,Customer_851,Chennai,2024-08-06
852,Customer_852,Mumbai,2023-06-20
853,Customer_853,Hyderabad,2024-01-01
854,Customer_854,Bangalore,2023-01-04
855,Customer_855,Mumbai,2024-03-15
856,Customer_856,Mumbai,2023-04-09
857,Customer_857,Mumbai,2024-05-12
858,Customer_858,Bangalore,2023-11-01
859,Customer_859,Chennai,2024-03-10
860,Customer_860,Mumbai,2023-10-29
861,Customer_861,Hyderabad,2023-12-28
862,Customer_862,Chennai,2023-07-28
863,Customer_863,Bangalore,2023-10-03
864,Customer_864,Bangalore,2024-02-24
865,Customer_865,Bangalore,2023-12-18
866,Customer_866,Mumbai,2023-02-22
867,Customer_867,Delhi,2024-02-13
868,Customer_868,Chennai,2023-11-20
869,Customer_869,Mumbai,2024-03-20
870,Customer_870,Mumbai,2024-07-30
871,Customer_871,Delhi,2023-04-22
872,Customer_872,Hyderabad,2024-04-07
873,Customer_873,Mumbai,2023-09-22
874,Customer_874,Mumbai,2024-03-28
875,Customer_875,Bangalore,2023-01-11
876,Customer_876,Mumbai,2024-03-25
877,Customer_877,Chennai,2023-04-05
878,Customer_878,Mumbai,2023-09-22
879,Customer_879,Hyderabad,2024-06-26
880,Customer_880,Delhi,2024-05-24
881,Customer_881,Mumbai,2023-03-02
882,Customer_882,Chennai,2023-05-29
883,Customer_883,Delhi,2024-06-12
884,Customer_884,Mumbai,2023-07-13
885,Customer_885,Mumbai,2023-10-11
886,Customer_886,Bangalore,2024-04-21
887,Customer_887,Bangalore,2024-05-16
888,Customer_888,Chennai,2023-07-02
889,Customer_889,Hyderabad,2023-06-22
890,Customer_890,Bangalore,2024-07-18
891,Customer_891,Hyderabad,2024-06-01
892,Customer_892,Hyderabad,2023-01-28
893,Customer_893,Bangalore,2023-06-23
894,Customer_894,Delhi,2024-03-21
895,Customer_895,Mumbai,2023-07-10
896,Customer_896,Hyderabad,2023-11-23
897,Customer_897,Hyderabad,2023-06-01
898,Customer_898,Chennai,2024-05-26
899,Customer_899,Hyderabad,2023-02-14
900,Customer_900,Bangalore,2023-01-18
901,Customer_901,Chennai,2023-11-27
902,Customer_902,Mumbai,2023-10-26
903,Customer_903,Delhi,2024-02-06
904,Customer_904,Mumbai,2024-05-23
905,Customer_905,Chennai,2023-10-09
906,Customer_906,Delhi,2023-02-22
907,Customer_907,Hyderabad,2024-06-28
908,Customer_908,Bangalore,2023-06-10
909,Customer_909,Mumbai,2023-12-13
910,Customer_910,Mumbai,2023-10-28
911,Customer_911,Bangalore,2023-01-03
912,Customer_912,Hyderabad,2024-06-23
913,Customer_913,Hyderabad,2023-08-05
914,Customer_914,Hyderabad,2024-01-30
915,Customer_915,Chennai,2023-11-23
916,Customer_916,Mumbai,2023-06-15
917,Customer_917,Mumbai,2023-05-23
918,Customer_918,Bangalore,2023-01-24
919,Customer_919,Chennai,2024-02-27
920,Customer_920,Mumbai,2023-07-07
921,Customer_921,Mumbai,2023-01-09
922,Customer_922,Delhi,2023-08-07
923,Customer_923,Mumbai,2023-12-08
924,Customer_924,Hyderabad,2023-04-25
925,Customer_925,Mumbai,2023-05-11
926,Customer_926,Delhi,2023-09-25
927,Customer_927,Bangalore,2023-07-12
928,Customer_928,Delhi,2023-03-27
929,Customer_929,Hyderabad,2024-05-02
930,Customer_930,Delhi,2024-02-28
931,Customer_931,Delhi,2023-10-08
932,Customer_932,Hyderabad,2024-03-05
933,Customer_933,Chennai,2024-05-07
934,Customer_934,Chennai,2023-11-22
935,Customer_935,Mumbai,2023-02-10
936,Customer_936,Hyderabad,2023-11-10
937,Customer_937,Mumbai,2023-05-10
938,Customer_938,Mumbai,2024-05-14
939,Customer_939,Delhi,2023-10-27
940,Customer_940,Mumbai,2024-04-14
941,Customer_941,Chennai,2024-07-24
942,Customer_942,Hyderabad,2023-05-08
943,Customer_943,Hyderabad,2023-02-23
944,Customer_944,Chennai,2024-01-05
945,Customer_945,Chennai,2024-05-29
946,Customer_946,Mumbai,2024-03-09
947,Customer_947,Bangalore,2023-03-04
948,Customer_948,Bangalore,2024-02-16
949,Customer_949,Mumbai,2023-08-17
950,Customer_950,Delhi,2024-08-10
951,Customer_951,Bangalore,2024-06-01
952,Customer_952,Mumbai,2024-05-27
953,Customer_953,Chennai,2023-05-03
954,Customer_954,Delhi,2023-10-10
955,Customer_955,Hyderabad,2023-11-19
956,Customer_956,Mumbai,2024-04-28
957,Customer_957,Mumbai,2023-02-23
958,Customer_958,Mumbai,2024-06-26
959,Customer_959,Mumbai,2024-02-05
960,Customer_960,Hyderabad,2023-01-10
961,Customer_961,Bangalore,2024-06-17
962,Customer_962,Hyderabad,2023-06-13
963,Customer_963,Chennai,2023-07-02
964,Customer_964,Hyderabad,2024-06-20
965,Customer_965,Mumbai,2024-04-24
966,Customer_966,Delhi,2023-09-07
967,Customer_967,Delhi,2024-04-20
968,Customer_968,Mumbai,2023-07-30
969,Customer_969,Mumbai,2024-05-06
970,Customer_970,Bangalore,2023-02-18
971,Customer_971,Chennai,2024-02-14
972,Customer_972,Bangalore,2024-06-19
973,Customer_973,Hyderabad,2023-05-10
974,Customer_974,Chennai,2023-11-17
975,Customer_975,Hyderabad,2024-05-19
976,Customer_976,Delhi,2024-04-27
977,Customer_977,Mumbai,2023-01-29
978,Customer_978,Chennai,2023-09-14
979,Customer_979,Hyderabad,2023-12-25
980,Customer_980,Mumbai,2023-02-12
981,Customer_981,Hyderabad,2023-03-15
982,Customer_982,Mumbai,2024-06-16
983,Customer_983,Hyderabad,2023-12-08
984,Customer_984,Mumbai,2024-03-13
985,Customer_985,Bangalore,2023-08-20
986,Customer_986,Mumbai,2024-04-06
987,Customer_987,Hyderabad,2024-02-23
988,Customer_988,Bangalore,2024-08-16
989,Customer_989,Delhi,2024-05-19
990,Customer_990,Delhi,2023-02-04
991,Customer_991,Delhi,2023-04-25
992,Customer_992,Delhi,2023-11-18
993,Customer_993,Mumbai,2023-09-24
994,Customer_994,Hyderabad,2024-04-21
995,Customer_995,Mumbai,2024-05-30
996,Customer_996,Bangalore,2023-10-31
997,Customer_997,Delhi,2024-02-18
998,Customer_998,Delhi,2023-01-11
999,Customer_999,Bangalore,2023-03-21
1000,Customer_1000,Mumbai,2024-03-31
1001,Customer_1001,Bangalore,2024-05-22
1002,Customer_1002,Hyderabad,2023-07-30
1003,Customer_1003,Bangalore,2023-04-28
1004,Customer_1004,Mumbai,2023-02-06
1005,Customer_1005,Mumbai,2024-03-06
1006,Customer_1006,Bangalore,2023-10-14
1007,Customer_1007,Bangalore,2024-01-19
1008,Customer_1008,Hyderabad,2023-07-16
1009,Customer_1009,Delhi,2023-06-07
1010,Customer_1010,Mumbai,2023-01-22
1011,Customer_1011,Hyderabad,2023-06-21
1012,Customer_1012,Delhi,2024-07-08
1013,Customer_1013,Bangalore,2023-12-16
1014,Customer_1014,Bangalore,2023-06-16
1015,Customer_1015,Delhi,2023-05-17
1016,Customer_1016,Bangalore,2023-08-09
1017,Customer_1017,Mumbai,2023-11-25
1018,Customer_1018,Delhi,2024-05-27
1019,Customer_1019,Chennai,2023-08-20
1020,Customer_1020,Mumbai,2023-04-15
1021,Customer_1021,Bangalore,2024-08-23
1022,Customer_1022,Mumbai,2023-11-27
1023,Customer_1023,Delhi,2024-03-18
1024,Customer_1024,Delhi,2023-12-23
1025,Customer_1025,Delhi,2023-11-19
1026,Customer_1026,Bangalore,2024-03-11
1027,Customer_1027,Hyderabad,2023-04-30
1028,Customer_1028,Mumbai,2023-12-24
1029,Customer_1029,Hyderabad,2024-06-15
1030,Customer_1030,Delhi,2023-08-03
1031,Customer_1031,Hyderabad,2023-08-10
1032,Customer_1032,Hyderabad,2023-04-29
1033,Customer_1033,Bangalore,2023-11-06
1034,Customer_1034,Bangalore,2024-07-28
1035,Customer_1035,Bangalore,2023-11-21
1036,Customer_1036,Mumbai,2023-06-04
1037,Customer_1037,Chennai,2024-02-20
1038,Customer_1038,Hyderabad,2024-04-19
1039,Customer_1039,Chennai,2023-09-04
1040,Customer_1040,Hyderabad,2023-10-24
1041,Customer_1041,Bangalore,2023-11-26
1042,Customer_1042,Delhi,2023-07-20
1043,Customer_1043,Mumbai,2024-04-15
1044,Customer_1044,Delhi,2023-02-19
1045,Customer_1045,Hyderabad,2024-02-24
1046,Customer_1046,Chennai,2024-07-08
1047,Customer_1047,Bangalore,2023-05-19
1048,Customer_1048,Mumbai,2023-08-17
1049,Customer_1049,Delhi,2023-11-05
1050,Customer_1050,Bangalore,2023-09-01
1051,Customer_1051,Bangalore,2023-09-28
1052,Customer_1052,Bangalore,2024-08-02
1053,Customer_1053,Chennai,2023-12-20
1054,Customer_1054,Bangalore,2023-03-30
1055,Customer_1055,Delhi,2023-10-08
1056,Customer_1056,Bangalore,2023-04-29
1057,Customer_1057,Mumbai,2023-08-10
1058,Customer_1058,Delhi,2023-12-31
1059,Customer_1059,Hyderabad,2023-07-11
1060,Customer_1060,Chennai,2023-02-21
1061,Customer_1061,Hyderabad,2023-09-10
1062,Customer_1062,Bangalore,2023-06-16
1063,Customer_1063,Bangalore,2023-09-07
1064,Customer_1064,Chennai,2024-03-13
1065,Customer_1065,Bangalore,2023-07-21
1066,Customer_1066,Chennai,2024-06-24
1067,Customer_1067,Bangalore,2024-06-30
1068,Customer_1068,Bangalore,2023-12-11
1069,Customer_1069,Hyderabad,2024-05-13
1070,Customer_1070,Mumbai,2024-04-05
1071,Customer_1071,Delhi,2024-03-05
1072,Customer_1072,Hyderabad,2023-03-30
1073,Customer_1073,Hyderabad,2023-09-14
1074,Customer_1074,Hyderabad,2024-07-01
1075,Customer_1075,Mumbai,2023-03-17
1076,Customer_1076,Delhi,2023-08-09
1077,Customer_1077,Delhi,2024-04-12
1078,Customer_1078,Bangalore,2023-03-11
1079,Customer_1079,Mumbai,2024-04-02
1080,Customer_1080,Delhi,2023-02-16
1081,Customer_1081,Delhi,2023-03-06
1082,Customer_1082,Chennai,2024-07-10
1083,Customer_1083,Chennai,2024-06-23
1084,Customer_1084,Chennai,2024-05-13
1085,Customer_1085,Delhi,2023-04-09
1086,Customer_1086,Delhi,2023-11-08
1087,Customer_1087,Delhi,2024-06-29
1088,Customer_1088,Hyderabad,2024-01-22
1089,Customer_1089,Hyderabad,2024-03-13
1090,Customer_1090,Chennai,2023-10-26
1091,Customer_1091,Bangalore,2024-06-23
1092,Customer_1092,Hyderabad,2023-07-07
1093,Customer_1093,Chennai,2024-04-06
1094,Customer_1094,Mumbai,2023-09-28
1095,Customer_1095,Bangalore,2023-05-20
1096,Customer_1096,Delhi,2023-03-05
1097,Customer_1097,Hyderabad,2024-03-01
1098,Customer_1098,Bangalore,2023-12-13
1099,Customer_1099,Mumbai,2023-01-12
1100,Customer_1100,Delhi,2024-07-13
1101,Customer_1101,Mumbai,2023-01-08
1102,Customer_1102,Bangalore,2023-10-30
1103,Customer_1103,Chennai,2024-04-28
1104,Customer_1104,Chennai,2023-01-18
1105,Customer_1105,Bangalore,2024-05-19
1106,Customer_1106,Delhi,2024-03-05
1107,Customer_1107,Delhi,2024-05-22
1108,Customer_1108,Chennai,2024-08-04
1109,Customer_1109,Mumbai,2024-01-07
1110,Customer_1110,Mumbai,2023-05-10
1111,Customer_1111,Mumbai,2023-01-19
1112,Customer_1112,Hyderabad,2024-04-13
1113,Customer_1113,Hyderabad,2023-07-10
1114,Customer_1114,Hyderabad,2023-07-08
1115,Customer_1115,Bangalore,2023-03-07
1116,Customer_1116,Bangalore,2023-03-07
1117,Customer_1117,Chennai,2023-04-20
1118,Customer_1118,Chennai,2024-07-03
1119,Customer_1119,Hyderabad,2024-07-02
1120,Customer_1120,Delhi,2024-01-19
1121,Customer_1121,Bangalore,2023-03-19
1122,Customer_1122,Mumbai,2024-03-14
1123,Customer_1123,Mumbai,2024-01-07
1124,Customer_1124,Hyderabad,2024-07-12
1125,Customer_1125,Chennai,2023-06-29
1126,Customer_1126,Chennai,2023-01-08
1127,Customer_1127,Hyderabad,2023-02-17
1128,Customer_1128,Mumbai,2024-08-10
1129,Customer_1129,Chennai,2024-07-13
1130,Customer_1130,Bangalore,2023-05-25
1131,Customer_1131,Hyderabad,2023-08-11
1132,Customer_1132,Delhi,2023-10-19
1133,Customer_1133,Chennai,2024-04-01
1134,Customer_1134,Chennai,2024-02-21
1135,Customer_1135,Delhi,2023-06-23
1136,Customer_1136,Mumbai,2023-01-26
1137,Customer_1137,Bangalore,2024-08-09
1138,Customer_1138,Mumbai,2023-10-10
1139,Customer_1139,Hyderabad,2023-05-05
1140,Customer_1140,Hyderabad,2023-10-14
1141,Customer_1141,Mumbai,2024-01-17
1142,Customer_1142,Delhi,2024-06-02
1143,Customer_1143,Mumbai,2023-08-06
1144,Customer_1144,Bangalore,2023-09-12
1145,Customer_1145,Hyderabad,2023-05-27
1146,Customer_1146,Delhi,2023-06-16
1147,Customer_1147,Delhi,2023-06-01
1148,Customer_1148,Delhi,2023-07-25
1149,Customer_1149,Mumbai,2024-03-27
1150,Customer_1150,Chennai,2023-02-23
1151,Customer_1151,Delhi,2024-02-05
1152,Customer_1152,Delhi,2024-01-18
1153,Customer_1153,Chennai,2023-10-14
1154,Customer_1154,Delhi,2023-08-11
1155,Customer_1155,Delhi,2024-05-17
1156,Customer_1156,Bangalore,2023-02-26
1157,Customer_1157,Chennai,2023-07-16
1158,Customer_1158,Delhi,2023-03-27
1159,Customer_1159,Delhi,2023-06-27
1160,Customer_1160,Delhi,2024-05-09
1161,Customer_1161,Chennai,2023-05-11
1162,Customer_1162,Hyderabad,2024-02-08
1163,Customer_1163,Hyderabad,2024-06-03
1164,Customer_1164,Delhi,2023-12-04
1165,Customer_1165,Bangalore,2023-06-20
1166,Customer_1166,Bangalore,2023-06-02
1167,Customer_1167,Hyderabad,2023-04-11
1168,Customer_1168,Hyderabad,2024-02-21
1169,Customer_1169,Chennai,2023-02-22
1170,Customer_1170,Hyderabad,2024-07-27
1171,Customer_1171,Mumbai,2023-03-28
1172,Customer_1172,Mumbai,2023-01-06
1173,Customer_1173,Bangalore,2024-08-09
1174,Customer_1174,Chennai,2023-05-16
1175,Customer_1175,Hyderabad,2023-07-20
1176,Customer_1176,Hyderabad,2023-02-02
1177,Customer_1177,Chennai,2023-04-10
1178,Customer_1178,Delhi,2023-07-28
1179,Customer_1179,Chennai,2023-02-21
1180,Customer_1180,Chennai,2023-03-21
1181,Customer_1181,Chennai,2024-03-28
1182,Customer_1182,Hyderabad,2023-03-10
1183,Customer_1183,Chennai,2024-05-17
1184,Customer_1184,Delhi,2024-03-24
1185,Customer_1185,Bangalore,2024-08-01
1186,Customer_1186,Chennai,2024-02-27
1187,Customer_1187,Bangalore,2023-08-02
1188,Customer_1188,Hyderabad,2023-02-20
1189,Customer_1189,Chennai,2023-07-16
1190,Customer_1190,Delhi,2023-07-25
1191,Customer_1191,Delhi,2023-08-31
1192,Customer_1192,Delhi,2023-08-25
1193,Customer_1193,Chennai,2023-12-22
1194,Customer_1194,Bangalore,2023-12-11
1195,Customer_1195,Mumbai,2023-11-24
1196,Customer_1196,Hyderabad,2024-07-25
1197,Customer_1197,Mumbai,2024-01-15
1198,Customer_1198,Bangalore,2023-03-18
1199,Customer_1199,Chennai,2023-07-01
1200,Customer_1200,Delhi,2023-10-01
1201,Customer_1201,Bangalore,2023-03-26
1202,Customer_1202,Hyderabad,2024-04-24
1203,Customer_1203,Mumbai,2024-06-21
1204,Customer_1204,Delhi,2023-04-14
1205,Customer_1205,Hyderabad,2023-11-04
1206,Customer_1206,Hyderabad,2023-02-26
1207,Customer_1207,Hyderabad,2024-04-11
1208,Customer_1208,Chennai,2024-05-07
1209,Customer_1209,Mumbai,2023-12-03
1210,Customer_1210,Delhi,2023-08-19
1211,Customer_1211,Delhi,2024-06-10
1212,Customer_1212,Bangalore,2024-02-01
1213,Customer_1213,Hyderabad,2023-01-20
1214,Customer_1214,Mumbai,2023-09-07
1215,Customer_1215,Delhi,2023-02-02
1216,Customer_1216,Delhi,2024-05-09
1217,Customer_1217,Bangalore,2023-05-15
1218,Customer_1218,Chennai,2024-07-29
1219,Customer_1219,Bangalore,2024-02-15
1220,Customer_1220,Chennai,2024-06-15
1221,Customer_1221,Mumbai,2023-04-03
1222,Customer_1222,Bangalore,2023-02-25
1223,Customer_1223,Mumbai,2024-06-23
1224,Customer_1224,Chennai,2024-01-15
1225,Customer_1225,Hyderabad,2024-01-18
1226,Customer_1226,Chennai,2024-02-13
1227,Customer_1227,Delhi,2023-04-15
1228,Customer_1228,Hyderabad,2023-06-29
1229,Customer_1229,Mumbai,2024-03-17
1230,Customer_1230,Delhi,2023-08-10
1231,Customer_1231,Chennai,2024-08-21
1232,Customer_1232,Hyderabad,2023-02-21
1233,Customer_1233,Mumbai,2023-10-06
1234,Customer_1234,Hyderabad,2024-06-08
1235,Customer_1235,Chennai,2024-05-04
1236,Customer_1236,Hyderabad,2023-09-21
1237,Customer_1237,Delhi,2023-07-04
1238,Customer_1238,Bangalore,2023-12-22
1239,Customer_1239,Chennai,2023-01-31
1240,Customer_1240,Delhi,2023-01-21
1241,Customer_1241,Hyderabad,2023-05-26
1242,Customer_1242,Mumbai,2023-11-19
1243,Customer_1243,Delhi,2024-04-16
1244,Customer_1244,Mumbai,2023-08-01
1245,Customer_1245,Chennai,2023-08-22
1246,Customer_1246,Chennai,2023-06-01
1247,Customer_1247,Delhi,2024-08-17
1248,Customer_1248,Bangalore,2023-04-23
1249,Customer_1249,Bangalore,2024-03-06
1250,Customer_1250,Chennai,2023-06-24
1251,Customer_1251,Delhi,2023-01-01
1252,Customer_1252,Bangalore,2023-03-27
1253,Customer_1253,Delhi,2024-04-28
1254,Customer_1254,Bangalore,2023-09-21
1255,Customer_1255,Bangalore,2023-04-03
1256,Customer_1256,Mumbai,2023-09-08
1257,Customer_1257,Mumbai,2023-08-18
1258,Customer_1258,Chennai,2024-04-05
1259,Customer_1259,Bangalore,2023-01-06
1260,Customer_1260,Hyderabad,2023-07-18
1261,Customer_1261,Mumbai,2023-05-19
1262,Customer_1262,Delhi,2024-06-26
1263,Customer_1263,Mumbai,2024-04-06
1264,Customer_1264,Bangalore,2023-11-05
1265,Customer_1265,Bangalore,2023-09-30
1266,Customer_1266,Bangalore,2023-11-12
1267,Customer_1267,Chennai,2023-05-13
1268,Customer_1268,Bangalore,2024-07-17
1269,Customer_1269,Mumbai,2024-08-02
1270,Customer_1270,Hyderabad,2024-05-15
1271,Customer_1271,Bangalore,2024-07-31
1272,Customer_1272,Hyderabad,2023-07-10
1273,Customer_1273,Bangalore,2023-05-24
1274,Customer_1274,Hyderabad,2023-05-08
1275,Customer_1275,Bangalore,2024-08-05
1276,Customer_1276,Bangalore,2023-01-29
1277,Customer_1277,Delhi,2024-01-07
1278,Customer_1278,Hyderabad,2023-03-28
1279,Customer_1279,Hyderabad,2024-06-28
1280,Customer_1280,Mumbai,2024-08-20
1281,Customer_1281,Mumbai,2023-04-19
1282,Customer_1282,Chennai,2023-04-11
1283,Customer_1283,Mumbai,2024-08-01
1284,Customer_1284,Bangalore,2024-02-23
1285,Customer_1285,Chennai,2024-05-25
1286,Customer_1286,Delhi,2024-02-21
1287,Customer_1287,Bangalore,2023-12-13
1288,Customer_1288,Chennai,2024-04-27
1289,Customer_1289,Bangalore,2024-06-11
1290,Customer_1290,Chennai,2024-04-22
1291,Customer_1291,Mumbai,2024-01-13
1292,Customer_1292,Mumbai,2023-08-20
1293,Customer_1293,Delhi,2023-04-15
1294,Customer_1294,Hyderabad,2024-03-31
1295,Customer_1295,Chennai,2024-02-07
1296,Customer_1296,Delhi,2023-03-20
1297,Customer_1297,Hyderabad,2023-04-18
1298,Customer_1298,Chennai,2023-03-12
1299,Customer_1299,Hyderabad,2024-04-02
1300,Customer_1300,Mumbai,2024-03-30
1301,Customer_1301,Bangalore,2023-04-11
1302,Customer_1302,Mumbai,2023-09-10
1303,Customer_1303,Chennai,2024-05-10
1304,Customer_1304,Delhi,2023-01-02
1305,Customer_1305,Bangalore,2023-06-17
1306,Customer_1306,Bangalore,2023-12-01
1307,Customer_1307,Chennai,2023-05-18
1308,Customer_1308,Chennai,2023-02-21
1309,Customer_1309,Hyderabad,2024-07-05
1310,Customer_1310,Hyderabad,2024-02-09
1311,Customer_1311,Mumbai,2023-04-16
1312,Customer_1312,Chennai,2023-11-05
1313,Customer_1313,Hyderabad,2023-01-17
1314,Customer_1314,Bangalore,2023-06-15
1315,Customer_1315,Chennai,2023-06-13
1316,Customer_1316,Mumbai,2024-01-26
1317,Customer_1317,Delhi,2023-07-05
1318,Customer_1318,Delhi,2024-07-25
1319,Customer_1319,Bangalore,2024-07-06
1320,Customer_1320,Mumbai,2023-06-25
1321,Customer_1321,Chennai,2023-02-09
1322,Customer_1322,Delhi,2023-11-16
1323,Customer_1323,Chennai,2023-08-09
1324,Customer_1324,Bangalore,2024-04-18
1325,Customer_1325,Hyderabad,2024-03-28
1326,Customer_1326,Chennai,2023-09-24
1327,Customer_1327,Mumbai,2024-04-29
1328,Customer_1328,Mumbai,2023-01-16
1329,Customer_1329,Chennai,2023-12-27
1330,Customer_1330,Hyderabad,2024-06-20
1331,Customer_1331,Delhi,2024-02-07
1332,Customer_1332,Bangalore,2023-10-07
1333,Customer_1333,Bangalore,2023-03-02
1334,Customer_1334,Delhi,2023-06-23
1335,Customer_1335,Bangalore,2023-07-04
1336,Customer_1336,Delhi,2024-04-16
1337,Customer_1337,Bangalore,2024-04-20
1338,Customer_1338,Chennai,2024-07-22
1339,Customer_1339,Delhi,2023-06-25
1340,Customer_1340,Chennai,2023-09-29
1341,Customer_1341,Bangalore,2023-06-11
1342,Customer_1342,Mumbai,2024-02-26
1343,Customer_1343,Hyderabad,2023-01-29
1344,Customer_1344,Delhi,2023-12-03
1345,Customer_1345,Bangalore,2024-05-02
1346,Customer_1346,Delhi,2023-06-16
1347,Customer_1347,Hyderabad,2023-03-26
1348,Customer_1348,Chennai,2023-08-27
1349,Customer_1349,Bangalore,2023-10-06
1350,Customer_1350,Mumbai,2023-10-21
1351,Customer_1351,Hyderabad,2023-01-10
1352,Customer_1352,Bangalore,2024-04-07
1353,Customer_1353,Mumbai,2024-02-25
1354,Customer_1354,Bangalore,2023-06-11
1355,Customer_1355,Mumbai,2024-06-20
1356,Customer_1356,Chennai,2024-02-11
1357,Customer_1357,Delhi,2024-07-06
1358,Customer_1358,Mumbai,2023-09-28
1359,Customer_1359,Hyderabad,2023-08-15
1360,Customer_1360,Hyderabad,2023-08-14
1361,Customer_1361,Hyderabad,2024-07-08
1362,Customer_1362,Chennai,2024-06-02
1363,Customer_1363,Bangalore,2023-11-29
1364,Customer_1364,Hyderabad,2023-10-17
1365,Customer_1365,Hyderabad,2024-01-14
1366,Customer_1366,Mumbai,2023-07-13
1367,Customer_1367,Chennai,2023-07-03
1368,Customer_1368,Bangalore,2023-08-03
1369,Customer_1369,Chennai,2023-09-20
1370,Customer_1370,Hyderabad,2024-05-12
1371,Customer_1371,Bangalore,2023-04-10
1372,Customer_1372,Chennai,2023-03-07
1373,Customer_1373,Chennai,2024-03-08
1374,Customer_1374,Bangalore,2024-08-02
1375,Customer_1375,Mumbai,2023-02-02
1376,Customer_1376,Chennai,2023-11-10
1377,Customer_1377,Hyderabad,2023-11-16
1378,Customer_1378,Hyderabad,2024-04-25
1379,Customer_1379,Delhi,2023-02-01
1380,Customer_1380,Delhi,2024-02-07
1381,Customer_1381,Hyderabad,2023-09-28
1382,Customer_1382,Bangalore,2023-09-05
1383,Customer_1383,Mumbai,2023-09-14
1384,Customer_1384,Mumbai,2023-09-24
1385,Customer_1385,Mumbai,2023-10-28
1386,Customer_1386,Hyderabad,2024-05-19
1387,Customer_1387,Bangalore,2023-01-22
1388,Customer_1388,Hyderabad,2024-08-08
1389,Customer_1389,Hyderabad,2023-07-18
1390,Customer_1390,Mumbai,2024-03-24
1391,Customer_1391,Delhi,2023-03-13
1392,Customer_1392,Bangalore,2024-03-15
1393,Customer_1393,Mumbai,2023-12-22
1394,Customer_1394,Bangalore,2024-02-10
1395,Customer_1395,Bangalore,2024-08-13
1396,Customer_1396,Hyderabad,2024-02-03
1397,Customer_1397,Chennai,2024-03-03
1398,Customer_1398,Chennai,2023-05-09
1399,Customer_1399,Hyderabad,2023-08-07
1400,Customer_1400,Hyderabad,2023-01-12
1401,Customer_1401,Chennai,2023-03-18
1402,Customer_1402,Bangalore,2024-08-19
1403,Customer_1403,Hyderabad,2023-01-29
1404,Customer_1404,Chennai,2024-01-18
1405,Customer_1405,Delhi,2024-07-27
1406,Customer_1406,Hyderabad,2023-09-27
1407,Customer_1407,Delhi,2024-04-17
1408,Customer_1408,Delhi,2023-06-26
1409,Customer_1409,Delhi,2023-05-15
1410,Customer_1410,Bangalore,2024-06-11
1411,Customer_1411,Bangalore,2024-02-29
1412,Customer_1412,Bangalore,2023-11-06
1413,Customer_1413,Delhi,2023-12-27
1414,Customer_1414,Mumbai,2023-11-02
1415,Customer_1415,Hyderabad,2024-07-15
1416,Customer_1416,Chennai,2023-08-14
1417,Customer_1417,Hyderabad,2023-09-29
1418,Customer_1418,Hyderabad,2023-01-02
1419,Customer_1419,Chennai,2023-08-05
1420,Customer_1420,Mumbai,2023-12-05
1421,Customer_1421,Mumbai,2024-07-23
1422,Customer_1422,Hyderabad,2023-01-07
1423,Customer_1423,Delhi,2023-11-26
1424,Customer_1424,Delhi,2023-02-21
1425,Customer_1425,Chennai,2023-05-18
1426,Customer_1426,Mumbai,2023-12-06
1427,Customer_1427,Chennai,2023-02-06
1428,Customer_1428,Chennai,2023-05-31
1429,Customer_1429,Hyderabad,2024-08-17
1430,Customer_1430,Chennai,2024-03-29
1431,Customer_1431,Bangalore,2023-09-15
1432,Customer_1432,Chennai,2023-08-26
1433,Customer_1433,Hyderabad,2023-10-12
1434,Customer_1434,Hyderabad,2023-01-10
1435,Customer_1435,Hyderabad,2023-10-20
1436,Customer_1436,Hyderabad,2023-03-26
1437,Customer_1437,Bangalore,2024-01-21
1438,Customer_1438,Chennai,2023-08-11
1439,Customer_1439,Delhi,2024-05-11
1440,Customer_1440,Delhi,2024-05-14
1441,Customer_1441,Delhi,2023-07-06
1442,Customer_1442,Mumbai,2024-05-30
1443,Customer_1443,Bangalore,2023-09-13
1444,Customer_1444,Hyderabad,2024-08-22
1445,Customer_1445,Delhi,2024-02-10
1446,Customer_1446,Bangalore,2024-01-09
1447,Customer_1447,Mumbai,2023-11-24
1448,Customer_1448,Chennai,2023-04-28
1449,Customer_1449,Mumbai,2023-04-03
1450,Customer_1450,Hyderabad,2024-04-11
1451,Customer_1451,Bangalore,2024-08-17
1452,Customer_1452,Chennai,2023-06-08
1453,Customer_1453,Mumbai,2024-02-28
1454,Customer_1454,Chennai,2024-07-09
1455,Customer_1455,Mumbai,2023-08-16
1456,Customer_1456,Delhi,2024-07-17
1457,Customer_1457,Bangalore,2023-11-18
1458,Customer_1458,Hyderabad,2024-02-15
1459,Customer_1459,Hyderabad,2024-05-04
1460,Customer_1460,Chennai,2023-10-19
1461,Customer_1461,Bangalore,2023-04-29
1462,Customer_1462,Bangalore,2024-04-17
1463,Customer_1463,Delhi,2024-03-25
1464,Customer_1464,Chennai,2023-12-28
1465,Customer_1465,Bangalore,2024-08-22
1466,Customer_1466,Bangalore,2024-01-27
1467,Customer_1467,Chennai,2023-04-13
1468,Customer_1468,Mumbai,2024-06-30
1469,Customer_1469,Hyderabad,2023-12-02
1470,Customer_1470,Chennai,2023-10-17
1471,Customer_1471,Hyderabad,2023-03-30
1472,Customer_1472,Delhi,2023-06-10
1473,Customer_1473,Delhi,2023-10-12
1474,Customer_1474,Delhi,2023-04-08
1475,Customer_1475,Mumbai,2023-12-22
1476,Customer_1476,Mumbai,2024-03-04
1477,Customer_1477,Mumbai,2023-11-14
1478,Customer_1478,Delhi,2023-08-13
1479,Customer_1479,Chennai,2024-02-10
1480,Customer_1480,Bangalore,2024-01-28
1481,Customer_1481,Hyderabad,2024-03-24
1482,Customer_1482,Mumbai,2023-03-04
1483,Customer_1483,Mumbai,2023-03-02
1484,Customer_1484,Mumbai,2024-04-17
1485,Customer_1485,Hyderabad,2024-01-07
1486,Customer_1486,Delhi,2023-08-16
1487,Customer_1487,Hyderabad,2024-05-03
1488,Customer_1488,Mumbai,2024-06-08
1489,Customer_1489,Hyderabad,2024-06-25
1490,Customer_1490,Delhi,2024-07-22
1491,Customer_1491,Delhi,2023-11-30
1492,Customer_1492,Chennai,2024-06-02
1493,Customer_1493,Delhi,2023-08-30
1494,Customer_1494,Chennai,2023-04-07
1495,Customer_1495,Mumbai,2024-02-09
1496,Customer_1496,Bangalore,2024-02-02
1497,Customer_1497,Mumbai,2024-06-06
1498,Customer_1498,Bangalore,2024-06-26
1499,Customer_1499,Mumbai,2024-08-15
1500,Customer_1500,Chennai,2024-03-03
1501,Customer_1501,Bangalore,2023-08-02
1502,Customer_1502,Hyderabad,2024-01-05
1503,Customer_1503,Chennai,2024-08-03
1504,Customer_1504,Bangalore,2023-03-06
1505,Customer_1505,Hyderabad,2024-03-16
1506,Customer_1506,Bangalore,2023-10-13
1507,Customer_1507,Delhi,2023-07-25
1508,Customer_1508,Mumbai,2024-06-15
1509,Customer_1509,Chennai,2023-10-07
1510,Customer_1510,Hyderabad,2023-04-18
1511,Customer_1511,Hyderabad,2023-06-28
1512,Customer_1512,Chennai,2023-08-02
1513,Customer_1513,Bangalore,2024-05-01
1514,Customer_1514,Hyderabad,2023-03-27
1515,Customer_1515,Mumbai,2024-03-31
1516,Customer_1516,Mumbai,2024-07-29
1517,Customer_1517,Bangalore,2023-08-20
1518,Customer_1518,Mumbai,2023-04-07
1519,Customer_1519,Mumbai,2024-08-07
1520,Customer_1520,Mumbai,2023-02-02
1521,Customer_1521,Delhi,2023-01-19
1522,Customer_1522,Bangalore,2023-02-19
1523,Customer_1523,Chennai,2023-08-20
1524,Customer_1524,Chennai,2024-05-22
1525,Customer_1525,Hyderabad,2023-09-05
1526,Customer_1526,Mumbai,2024-07-01
1527,Customer_1527,Chennai,2024-05-19
1528,Customer_1528,Hyderabad,2024-01-01
1529,Customer_1529,Bangalore,2024-07-01
1530,Customer_1530,Hyderabad,2024-08-05
1531,Customer_1531,Hyderabad,2023-01-07
1532,Customer_1532,Bangalore,2023-03-17
1533,Customer_1533,Hyderabad,2024-07-29
1534,Customer_1534,Bangalore,2023-08-05
1535,Customer_1535,Chennai,2023-03-08
1536,Customer_1536,Mumbai,2023-05-16
1537,Customer_1537,Chennai,2023-07-24
1538,Customer_1538,Mumbai,2024-03-13
1539,Customer_1539,Chennai,2024-04-08
1540,Customer_1540,Hyderabad,2023-06-06
1541,Customer_1541,Mumbai,2023-07-01
1542,Customer_1542,Chennai,2023-04-10
1543,Customer_1543,Bangalore,2024-05-06
1544,Customer_1544,Chennai,2023-11-10
1545,Customer_1545,Mumbai,2023-07-26
1546,Customer_1546,Chennai,2024-01-18
1547,Customer_1547,Mumbai,2023-08-01
1548,Customer_1548,Delhi,2023-08-02
1549,Customer_1549,Bangalore,2024-02-11
1550,Customer_1550,Delhi,2023-12-13
1551,Customer_1551,Mumbai,2023-02-01
1552,Customer_1552,Mumbai,2023-09-15
1553,Customer_1553,Delhi,2024-05-07
1554,Customer_1554,Hyderabad,2023-10-09
1555,Customer_1555,Mumbai,2024-07-28
1556,Customer_1556,Delhi,2023-03-12
1557,Customer_1557,Hyderabad,2023-05-30
1558,Customer_1558,Bangalore,2024-01-08
1559,Customer_1559,Bangalore,2023-12-15
1560,Customer_1560,Delhi,2023-12-04
1561,Customer_1561,Delhi,2023-06-13
1562,Customer_1562,Hyderabad,2024-07-04
1563,Customer_1563,Delhi,2023-02-20
1564,Customer_1564,Mumbai,2024-06-26
1565,Customer_1565,Mumbai,2024-06-20
1566,Customer_1566,Delhi,2023-10-15
1567,Customer_1567,Mumbai,2023-11-06
1568,Customer_1568,Bangalore,2024-06-17
1569,Customer_1569,Chennai,2023-10-10
1570,Customer_1570,Bangalore,2024-07-28
1571,Customer_1571,Delhi,2023-12-29
1572,Customer_1572,Hyderabad,2024-05-08
1573,Customer_1573,Bangalore,2023-10-17
1574,Customer_1574,Mumbai,2023-09-02
1575,Customer_1575,Hyderabad,2023-02-02
1576,Customer_1576,Hyderabad,2023-01-26
1577,Customer_1577,Delhi,2024-05-25
1578,Customer_1578,Chennai,2023-02-28
1579,Customer_1579,Delhi,2024-03-11
1580,Customer_1580,Hyderabad,2023-06-06
1581,Customer_1581,Hyderabad,2024-06-14
1582,Customer_1582,Mumbai,2023-10-13
1583,Customer_1583,Hyderabad,2024-07-21
1584,Customer_1584,Mumbai,2024-01-29
1585,Customer_1585,Chennai,2023-07-22
1586,Customer_1586,Chennai,2023-01-23
1587,Customer_1587,Hyderabad,2023-03-23
1588,Customer_1588,Delhi,2023-10-11
1589,Customer_1589,Chennai,2023-01-29
1590,Customer_1590,Bangalore,2024-05-03
1591,Customer_1591,Delhi,2023-01-28
1592,Customer_1592,Chennai,2024-08-02
1593,Customer_1593,Mumbai,2024-05-09
1594,Customer_1594,Delhi,2024-07-30
1595,Customer_1595,Delhi,2023-03-03
1596,Customer_1596,Bangalore,2024-03-11
1597,Customer_1597,Bangalore,2023-05-17
1598,Customer_1598,Mumbai,2024-04-15
1599,Customer_1599,Chennai,2023-09-18
1600,Customer_1600,Hyderabad,2024-01-18
1601,Customer_1601,Hyderabad,2023-05-16
1602,Customer_1602,Hyderabad,2024-01-08
1603,Customer_1603,Mumbai,2024-07-03
1604,Customer_1604,Bangalore,2024-03-13
1605,Customer_1605,Chennai,2023-07-15
1606,Customer_1606,Chennai,2024-03-30
1607,Customer_1607,Bangalore,2023-11-20
1608,Customer_1608,Mumbai,2024-02-21
1609,Customer_1609,Hyderabad,2023-12-28
1610,Customer_1610,Hyderabad,2024-01-07
1611,Customer_1611,Delhi,2023-09-18
1612,Customer_1612,Delhi,2023-07-25
1613,Customer_1613,Delhi,2024-01-31
1614,Customer_1614,Chennai,2023-03-01
1615,Customer_1615,Mumbai,2024-01-15
1616,Customer_1616,Hyderabad,2024-08-06
1617,Customer_1617,Hyderabad,2023-12-15
1618,Customer_1618,Mumbai,2023-07-20
1619,Customer_1619,Bangalore,2024-08-10
1620,Customer_1620,Bangalore,2024-07-06
1621,Customer_1621,Mumbai,2023-01-23
1622,Customer_1622,Hyderabad,2024-07-03
1623,Customer_1623,Delhi,2023-03-07
1624,Customer_1624,Delhi,2023-07-22
1625,Customer_1625,Bangalore,2023-12-12
1626,Customer_1626,Chennai,2024-06-06
1627,Customer_1627,Hyderabad,2023-05-03
1628,Customer_1628,Delhi,2024-01-05
1629,Customer_1629,Hyderabad,2023-03-31
1630,Customer_1630,Delhi,2023-04-07
1631,Customer_1631,Hyderabad,2023-02-03
1632,Customer_1632,Delhi,2024-03-19
1633,Customer_1633,Bangalore,2023-05-26
1634,Customer_1634,Hyderabad,2024-03-05
1635,Customer_1635,Delhi,2023-06-06
1636,Customer_1636,Delhi,2024-02-15
1637,Customer_1637,Hyderabad,2024-07-02
1638,Customer_1638,Delhi,2023-11-15
1639,Customer_1639,Chennai,2023-08-04
1640,Customer_1640,Bangalore,2023-07-21
1641,Customer_1641,Mumbai,2023-06-29
1642,Customer_1642,Chennai,2024-06-02
1643,Customer_1643,Bangalore,2023-11-11
1644,Customer_1644,Mumbai,2023-09-16
1645,Customer_1645,Mumbai,2023-03-28
1646,Customer_1646,Bangalore,2023-10-07
1647,Customer_1647,Bangalore,2024-06-20
1648,Customer_1648,Hyderabad,2024-05-12
1649,Customer_1649,Delhi,2023-10-13
1650,Customer_1650,Mumbai,2023-07-30
1651,Customer_1651,Bangalore,2023-09-26
1652,Customer_1652,Chennai,2023-02-21
1653,Customer_1653,Delhi,2023-10-05
1654,Customer_1654,Delhi,2024-03-07
1655,Customer_1655,Bangalore,2024-05-14
1656,Customer_1656,Bangalore,2024-03-14
1657,Customer_1657,Bangalore,2023-12-13
1658,Customer_1658,Bangalore,2023-02-15
1659,Customer_1659,Hyderabad,2024-06-20
1660,Customer_1660,Delhi,2024-06-21
1661,Customer_1661,Delhi,2023-03-28
1662,Customer_1662,Bangalore,2023-06-14
1663,Customer_1663,Bangalore,2023-12-14
1664,Customer_1664,Bangalore,2024-04-15
1665,Customer_1665,Hyderabad,2024-02-16
1666,Customer_1666,Hyderabad,2023-04-14
1667,Customer_1667,Delhi,2023-06-19
1668,Customer_1668,Chennai,2023-05-25
1669,Customer_1669,Hyderabad,2023-01-04
1670,Customer_1670,Hyderabad,2023-10-16
1671,Customer_1671,Mumbai,2024-08-08
1672,Customer_1672,Chennai,2024-01-28
1673,Customer_1673,Hyderabad,2023-09-08
1674,Customer_1674,Hyderabad,2024-05-04
1675,Customer_1675,Delhi,2023-12-07
1676,Customer_1676,Chennai,2023-05-05
1677,Customer_1677,Hyderabad,2024-08-08
1678,Customer_1678,Delhi,2023-01-31
1679,Customer_1679,Hyderabad,2024-03-29
1680,Customer_1680,Mumbai,2024-06-18
1681,Customer_1681,Chennai,2023-08-16
1682,Customer_1682,Mumbai,2023-03-03
1683,Customer_1683,Bangalore,2023-05-18
1684,Customer_1684,Chennai,2023-08-12
1685,Customer_1685,Hyderabad,2024-01-25
1686,Customer_1686,Delhi,2023-04-17
1687,Customer_1687,Mumbai,2024-02-02
1688,Customer_1688,Mumbai,2023-01-29
1689,Customer_1689,Delhi,2024-03-18
1690,Customer_1690,Hyderabad,2023-12-09
1691,Customer_1691,Bangalore,2024-06-30
1692,Customer_1692,Bangalore,2023-12-19
1693,Customer_1693,Mumbai,2024-06-09
1694,Customer_1694,Hyderabad,2023-07-17
1695,Customer_1695,Chennai,2023-11-21
1696,Customer_1696,Delhi,2023-09-16
1697,Customer_1697,Hyderabad,2024-05-17
1698,Customer_1698,Hyderabad,2023-06-10
1699,Customer_1699,Bangalore,2023-09-26
1700,Customer_1700,Mumbai,2024-02-11
1701,Customer_1701,Mumbai,2024-08-17
1702,Customer_1702,Mumbai,2023-02-21
1703,Customer_1703,Delhi,2024-08-15
1704,Customer_1704,Mumbai,2024-04-26
1705,Customer_1705,Mumbai,2023-06-22
1706,Customer_1706,Delhi,2023-06-03
1707,Customer_1707,Mumbai,2024-04-24
1708,Customer_1708,Hyderabad,2024-05-08
1709,Customer_1709,Chennai,2024-02-15
1710,Customer_1710,Chennai,2024-04-24
1711,Customer_1711,Mumbai,2024-03-24
1712,Customer_1712,Delhi,2024-08-12
1713,Customer_1713,Delhi,2023-12-16
1714,Customer_1714,Chennai,2024-03-19
1715,Customer_1715,Hyderabad,2023-11-23
1716,Customer_1716,Bangalore,2023-07-22
1717,Customer_1717,Delhi,2024-03-30
1718,Customer_1718,Chennai,2024-06-06
1719,Customer_1719,Hyderabad,2024-07-07
1720,Customer_1720,Mumbai,2023-02-21
1721,Customer_1721,Mumbai,2023-08-13
1722,Customer_1722,Chennai,2023-01-08
1723,Customer_1723,Mumbai,2023-12-13
1724,Customer_1724,Delhi,2024-03-09
1725,Customer_1725,Mumbai,2023-02-20
1726,Customer_1726,Mumbai,2023-03-08
1727,Customer_1727,Delhi,2023-04-17
1728,Customer_1728,Hyderabad,2023-10-22
1729,Customer_1729,Hyderabad,2024-07-26
1730,Customer_1730,Hyderabad,2023-10-09
1731,Customer_1731,Mumbai,2023-10-07
1732,Customer_1732,Chennai,2024-01-26
1733,Customer_1733,Delhi,2023-02-27
1734,Customer_1734,Delhi,2023-10-14
1735,Customer_1735,Mumbai,2023-02-16
1736,Customer_1736,Mumbai,2024-06-30
1737,Customer_1737,Delhi,2023-04-08
1738,Customer_1738,Hyderabad,2024-02-13
1739,Customer_1739,Delhi,2023-09-18
1740,Customer_1740,Mumbai,2024-08-12
1741,Customer_1741,Hyderabad,2024-02-15
1742,Customer_1742,Bangalore,2023-01-07
1743,Customer_1743,Delhi,2024-03-28
1744,Customer_1744,Bangalore,2023-11-25
1745,Customer_1745,Chennai,2024-04-16
1746,Customer_1746,Bangalore,2023-05-19
1747,Customer_1747,Hyderabad,2024-02-02
1748,Customer_1748,Hyderabad,2024-01-05
1749,Customer_1749,Delhi,2024-05-21
1750,Customer_1750,Mumbai,2024-02-06
1751,Customer_1751,Hyderabad,2023-07-09
1752,Customer_1752,Bangalore,2024-04-18
1753,Customer_1753,Delhi,2023-04-25
1754,Customer_1754,Chennai,2023-05-01
1755,Customer_1755,Bangalore,2024-02-02
1756,Customer_1756,Bangalore,2024-02-01
1757,Customer_1757,Hyderabad,2023-02-24
1758,Customer_1758,Bangalore,2023-10-05
1759,Customer_1759,Delhi,2023-05-26
1760,Customer_1760,Delhi,2023-12-20
1761,Customer_1761,Mumbai,2024-03-30
1762,Customer_1762,Chennai,2023-12-23
1763,Customer_1763,Bangalore,2024-01-29
1764,Customer_1764,Mumbai,2024-04-14
1765,Customer_1765,Mumbai,2023-07-23
1766,Customer_1766,Mumbai,2024-06-11
1767,Customer_1767,Delhi,2024-05-05
1768,Customer_1768,Chennai,2023-09-24
1769,Customer_1769,Chennai,2023-01-07
1770,Customer_1770,Bangalore,2023-08-01
1771,Customer_1771,Mumbai,2024-03-03
1772,Customer_1772,Hyderabad,2023-06-05
1773,Customer_1773,Delhi,2024-04-08
1774,Customer_1774,Mumbai,2024-06-26
1775,Customer_1775,Mumbai,2023-05-28
1776,Customer_1776,Bangalore,2023-10-16
1777,Customer_1777,Bangalore,2024-07-08
1778,Customer_1778,Bangalore,2024-04-20
1779,Customer_1779,Bangalore,2024-02-27
1780,Customer_1780,Mumbai,2023-04-03
1781,Customer_1781,Hyderabad,2023-03-21
1782,Customer_1782,Delhi,2023-04-08
1783,Customer_1783,Chennai,2023-09-22
1784,Customer_1784,Bangalore,2024-02-09
1785,Customer_1785,Chennai,2024-03-20
1786,Customer_1786,Delhi,2023-12-13
1787,Customer_1787,Mumbai,2024-02-13
1788,Customer_1788,Hyderabad,2023-12-28
1789,Customer_1789,Delhi,2023-09-02
1790,Customer_1790,Mumbai,2023-10-17
1791,Customer_1791,Delhi,2023-05-27
1792,Customer_1792,Mumbai,2024-07-15
1793,Customer_1793,Delhi,2023-11-17
1794,Customer_1794,Chennai,2024-01-27
1795,Customer_1795,Hyderabad,2024-07-22
1796,Customer_1796,Chennai,2024-04-16
1797,Customer_1797,Delhi,2024-02-14
1798,Customer_1798,Delhi,2024-05-14
1799,Customer_1799,Hyderabad,2023-10-05
1800,Customer_1800,Bangalore,2023-10-03
1801,Customer_1801,Chennai,2024-07-13
1802,Customer_1802,Chennai,2023-01-16
1803,Customer_1803,Delhi,2023-10-19
1804,Customer_1804,Delhi,2023-03-13
1805,Customer_1805,Mumbai,2024-07-08
1806,Customer_1806,Hyderabad,2024-06-12
1807,Customer_1807,Delhi,2023-01-08
1808,Customer_1808,Mumbai,2023-01-28
1809,Customer_1809,Hyderabad,2024-05-29
1810,Customer_1810,Delhi,2024-08-13
1811,Customer_1811,Mumbai,2023-07-17
1812,Customer_1812,Delhi,2024-03-25
1813,Customer_1813,Bangalore,2023-07-26
1814,Customer_1814,Delhi,2024-07-17
1815,Customer_1815,Mumbai,2024-07-02
1816,Customer_1816,Chennai,2023-09-15
1817,Customer_1817,Mumbai,2023-09-28
1818,Customer_1818,Hyderabad,2023-03-13
1819,Customer_1819,Hyderabad,2024-03-09
1820,Customer_1820,Bangalore,2024-07-02
1821,Customer_1821,Chennai,2023-05-05
1822,Customer_1822,Chennai,2024-08-14
1823,Customer_1823,Delhi,2024-02-23
1824,Customer_1824,Bangalore,2024-02-08
1825,Customer_1825,Mumbai,2023-08-11
1826,Customer_1826,Hyderabad,2023-09-07
1827,Customer_1827,Delhi,2023-09-26
1828,Customer_1828,Delhi,2023-10-07
1829,Customer_1829,Bangalore,2023-10-23
1830,Customer_1830,Bangalore,2024-08-09
1831,Customer_1831,Mumbai,2024-08-06
1832,Customer_1832,Delhi,2023-06-02
1833,Customer_1833,Hyderabad,2023-06-09
1834,Customer_1834,Bangalore,2024-06-11
1835,Customer_1835,Delhi,2023-12-07
1836,Customer_1836,Mumbai,2023-03-07
1837,Customer_1837,Hyderabad,2024-01-10
1838,Customer_1838,Hyderabad,2024-01-26
1839,Customer_1839,Chennai,2023-03-15
1840,Customer_1840,Hyderabad,2023-02-05
1841,Customer_1841,Chennai,2024-06-02
1842,Customer_1842,Hyderabad,2023-04-09
1843,Customer_1843,Hyderabad,2023-02-04
1844,Customer_1844,Delhi,2024-04-23
1845,Customer_1845,Delhi,2023-12-22
1846,Customer_1846,Mumbai,2023-07-02
1847,Customer_1847,Mumbai,2023-04-06
1848,Customer_1848,Delhi,2023-04-20
1849,Customer_1849,Chennai,2023-06-24
1850,Customer_1850,Chennai,2024-02-04
1851,Customer_1851,Mumbai,2023-06-12
1852,Customer_1852,Bangalore,2023-09-10
1853,Customer_1853,Mumbai,2023-05-05
1854,Customer_1854,Mumbai,2024-05-08
1855,Customer_1855,Chennai,2024-02-29
1856,Customer_1856,Mumbai,2023-02-22
1857,Customer_1857,Hyderabad,2023-01-02
1858,Customer_1858,Chennai,2023-08-29
1859,Customer_1859,Hyderabad,2023-02-06
1860,Customer_1860,Bangalore,2023-06-12
1861,Customer_1861,Bangalore,2023-08-30
1862,Customer_1862,Delhi,2024-03-19
1863,Customer_1863,Bangalore,2024-04-25
1864,Customer_1864,Hyderabad,2023-10-09
1865,Customer_1865,Mumbai,2023-08-18
1866,Customer_1866,Hyderabad,2023-01-24
1867,Customer_1867,Chennai,2024-07-10
1868,Customer_1868,Bangalore,2023-07-15
1869,Customer_1869,Bangalore,2024-08-21
1870,Customer_1870,Chennai,2023-12-19
1871,Customer_1871,Bangalore,2023-02-16
1872,Customer_1872,Hyderabad,2023-10-26
1873,Customer_1873,Bangalore,2024-02-05
1874,Customer_1874,Mumbai,2024-08-14
1875,Customer_1875,Delhi,2024-08-03
1876,Customer_1876,Bangalore,2023-08-15
1877,Customer_1877,Bangalore,2023-10-27
1878,Customer_1878,Delhi,2023-05-24
1879,Customer_1879,Bangalore,2023-07-22
1880,Customer_1880,Mumbai,2023-09-14
1881,Customer_1881,Bangalore,2024-06-01
1882,Customer_1882,Hyderabad,2024-05-25
1883,Customer_1883,Bangalore,2023-09-10
1884,Customer_1884,Chennai,2024-06-03
1885,Customer_1885,Chennai,2024-04-20
1886,Customer_1886,Mumbai,2024-02-10
1887,Customer_1887,Bangalore,2023-05-15
1888,Customer_1888,Delhi,2023-01-30
1889,Customer_1889,Bangalore,2023-03-09
1890,Customer_1890,Delhi,2023-12-08
1891,Customer_1891,Mumbai,2023-04-15
1892,Customer_1892,Hyderabad,2023-11-24
1893,Customer_1893,Delhi,2023-07-01
1894,Customer_1894,Hyderabad,2023-05-23
1895,Customer_1895,Bangalore,2023-12-11
1896,Customer_1896,Chennai,2024-04-07
1897,Customer_1897,Mumbai,2024-01-28
1898,Customer_1898,Bangalore,2023-02-07
1899,Customer_1899,Chennai,2023-06-11
1900,Customer_1900,Delhi,2024-04-22
1901,Customer_1901,Hyderabad,2024-08-12
1902,Customer_1902,Chennai,2024-02-05
1903,Customer_1903,Chennai,2023-06-02
1904,Customer_1904,Hyderabad,2024-08-19
1905,Customer_1905,Mumbai,2023-04-21
1906,Customer_1906,Chennai,2023-11-04
1907,Customer_1907,Chennai,2023-04-12
1908,Customer_1908,Delhi,2024-08-03
1909,Customer_1909,Delhi,2023-09-05
1910,Customer_1910,Chennai,2023-04-20
1911,Customer_1911,Mumbai,2023-05-12
1912,Customer_1912,Delhi,2024-04-10
1913,Customer_1913,Chennai,2023-04-19
1914,Customer_1914,Hyderabad,2023-01-28
1915,Customer_1915,Hyderabad,2023-08-14
1916,Customer_1916,Bangalore,2024-05-04
1917,Customer_1917,Mumbai,2024-01-12
1918,Customer_1918,Hyderabad,2023-01-01
1919,Customer_1919,Chennai,2023-01-24
1920,Customer_1920,Delhi,2024-07-16
1921,Customer_1921,Bangalore,2023-03-29
1922,Customer_1922,Delhi,2024-07-31
1923,Customer_1923,Delhi,2023-01-10
1924,Customer_1924,Delhi,2023-08-29
1925,Customer_1925,Delhi,2023-06-24
1926,Customer_1926,Bangalore,2023-07-23
1927,Customer_1927,Bangalore,2024-04-19
1928,Customer_1928,Mumbai,2023-03-28
1929,Customer_1929,Bangalore,2024-05-11
1930,Customer_1930,Bangalore,2024-05-30
1931,Customer_1931,Chennai,2023-12-16
1932,Customer_1932,Chennai,2023-11-24
1933,Customer_1933,Mumbai,2023-01-05
1934,Customer_1934,Bangalore,2023-08-05
1935,Customer_1935,Delhi,2023-11-22
1936,Customer_1936,Mumbai,2023-04-21
1937,Customer_1937,Hyderabad,2023-10-21
1938,Customer_1938,Chennai,2023-10-22
1939,Customer_1939,Mumbai,2023-06-27
1940,Customer_1940,Hyderabad,2024-05-05
1941,Customer_1941,Delhi,2024-02-11
1942,Customer_1942,Bangalore,2023-11-07
1943,Customer_1943,Delhi,2023-08-06
1944,Customer_1944,Delhi,2024-04-29
1945,Customer_1945,Mumbai,2023-11-04
1946,Customer_1946,Delhi,2023-02-04
1947,Customer_1947,Delhi,2023-02-13
1948,Customer_1948,Mumbai,2024-04-11
1949,Customer_1949,Bangalore,2023-10-07
1950,Customer_1950,Mumbai,2023-05-23
1951,Customer_1951,Hyderabad,2024-07-22
1952,Customer_1952,Bangalore,2024-06-02
1953,Customer_1953,Mumbai,2023-09-17
1954,Customer_1954,Bangalore,2023-02-22
1955,Customer_1955,Hyderabad,2023-08-26
1956,Customer_1956,Bangalore,2024-08-02
1957,Customer_1957,Mumbai,2024-05-03
1958,Customer_1958,Mumbai,2023-12-26
1959,Customer_1959,Mumbai,2023-03-19
1960,Customer_1960,Chennai,2023-09-11
1961,Customer_1961,Mumbai,2023-07-29
1962,Customer_1962,Delhi,2024-05-22
1963,Customer_1963,Chennai,2024-06-26
1964,Customer_1964,Bangalore,2024-06-13
1965,Customer_1965,Delhi,2023-10-06
1966,Customer_1966,Mumbai,2023-01-25
1967,Customer_1967,Delhi,2023-06-07
1968,Customer_1968,Delhi,2023-11-19
1969,Customer_1969,Chennai,2023-05-18
1970,Customer_1970,Hyderabad,2023-01-09
1971,Customer_1971,Hyderabad,2023-08-30
1972,Customer_1972,Delhi,2023-03-28
1973,Customer_1973,Mumbai,2024-03-18
1974,Customer_1974,Hyderabad,2023-08-22
1975,Customer_1975,Hyderabad,2023-06-04
1976,Customer_1976,Bangalore,2024-06-26
1977,Customer_1977,Hyderabad,2023-04-04
1978,Customer_1978,Chennai,2024-06-14
1979,Customer_1979,Hyderabad,2024-05-18
1980,Customer_1980,Bangalore,2024-02-26
1981,Customer_1981,Chennai,2023-07-13
1982,Customer_1982,Bangalore,2024-08-18
1983,Customer_1983,Hyderabad,2024-01-21
1984,Customer_1984,Delhi,2024-01-06
1985,Customer_1985,Bangalore,2023-04-29
1986,Customer_1986,Hyderabad,2024-04-19
1987,Customer_1987,Chennai,2024-06-22
1988,Customer_1988,Delhi,2024-04-01
1989,Customer_1989,Delhi,2023-01-12
1990,Customer_1990,Bangalore,2024-01-18
1991,Customer_1991,Delhi,2023-12-21
1992,Customer_1992,Bangalore,2023-10-24
1993,Customer_1993,Mumbai,2024-03-23
1994,Customer_1994,Bangalore,2024-07-20
1995,Customer_1995,Bangalore,2024-01-26
1996,Customer_1996,Mumbai,2023-04-25
1997,Customer_1997,Chennai,2024-06-11
1998,Customer_1998,Mumbai,2024-06-06
1999,Customer_1999,Mumbai,2023-03-12
2000,Customer_2000,Hyderabad,2023-10-13
